acc_1,acc_2,acc_3,tacc,av_1,av_2,av_3,tav
7.1939,0.77883,6.5164,0,-0.16124,-0.01721,0.012886,0.076051
7.1854,0.31375,6.6254,0.099,-0.10436,-0.01619,0.013622,0.17531
7.255,0.2639,6.4142,0.198,-0.10076,-0.0067501,0.0094753,0.27448
7.1897,0.20328,6.5653,0.298,-0.090059,0.010311,0.0065247,0.37379
7.1454,0.15553,6.7689,0.397,-0.04165,0.0077125,0.0040015,0.47294
7.1548,0.24594,6.6823,0.496,-0.014649,0.0031497,0.0037834,0.57221
7.1614,0.1925,6.7119,0.595,0.011448,0.0031753,0.01206,0.6714
7.143,0.38695,6.6743,0.694,0.042704,-0.003667,0.0057965,0.77062
7.2268,0.22453,6.4956,0.794,0.010988,-0.0034053,0.014767,0.86987
7.178,0.54038,6.6484,0.893,-0.0067868,0.009935,0.0081752,0.96809
7.1425,0.13667,6.7572,0.992,0.0055231,-0.0010152,0.010773,1.0672
7.1906,0.3368,6.5492,1.091,0.044268,-0.0046796,0.024464,1.1665
7.1631,0.44727,6.7373,1.19,-0.11932,-0.02036,0.014293,1.2656
7.2123,0.60055,6.3574,1.29,0.11616,0.023669,0.021117,1.3648
6.9857,0.54591,7.0972,1.389,-0.029103,0.003886,0.013688,1.464
7.0301,1.424,6.7601,1.488,-0.038869,-0.0033531,-0.16015,1.5632
7.08,2.2307,6.4802,1.587,-0.29647,0.0078902,-0.24795,1.6623
7.5205,0.5513,6.6546,1.686,-0.28709,-0.018328,-0.26852,1.7615
7.3142,0.42167,6.6842,1.786,-0.13078,-0.0052279,-0.24941,1.8607
7.2589,-0.17678,6.5802,1.885,-0.32258,-0.019438,-0.205,1.9598
7.1285,0.83377,6.4158,1.984,-0.26533,-0.020481,-0.19395,2.059
7.2451,0.13846,6.5938,2.083,-0.27204,-0.044549,-0.18092,2.1582
7.2837,-0.28276,7.2605,2.183,-0.28184,-0.0051553,-0.060145,2.2573
7.2313,-0.86296,6.92,2.282,0.2154,0.022479,0.03359,2.3565
7.1574,0.92223,6.74,2.381,0.15871,-0.0058896,0.048351,2.4556
7.197,0.98675,6.2001,2.48,-0.26281,0.0053213,0.014062,2.5548
7.1071,0.43664,6.8553,2.579,0.15901,0.033497,0.04359,2.6539
7.2196,1.1358,6.9426,2.679,-0.31491,-0.057872,0.00053686,2.7531
8.1013,-0.58409,6.0848,2.778,0.078798,-0.018171,-0.043055,2.8522
7.0071,0.44173,6.6879,2.877,0.19424,0.003881,-0.05581,2.9513
6.8718,-0.52481,7.2023,2.976,0.15866,0.012896,0.057177,3.0505
6.7248,-1.5223,6.7147,3.075,0.16772,0.083025,0.21279,3.1496
6.5402,-0.40251,6.6842,3.175,0.069768,0.0013523,0.25063,3.2488
6.9963,-0.31554,6.567,3.274,0.30812,0.032104,0.2432,3.3479
7.1625,0.39682,6.721,3.373,0.13485,0.038981,0.31319,3.447
7.7801,-0.71955,6.2265,3.472,0.036647,0.054315,0.46194,3.5462
8.2736,0.053289,6.1989,3.572,0.43608,0.058164,0.54529,3.6453
6.9758,1.6177,6.2491,3.671,0.35422,0.023588,0.46446,3.7444
7.7561,0.97238,6.4151,3.77,0.18817,0.054881,0.41728,3.8436
7.2342,1.3426,6.8652,3.869,0.30062,0.030116,0.32262,3.9427
7.6181,2.0016,6.6104,3.968,-0.34616,0.014652,0.15575,4.0418
6.7234,1.8843,6.8578,4.068,-0.071266,0.008713,0.15423,4.1409
7.0611,1.0044,7.043,4.167,0.13997,0.0057905,0.20934,4.2402
7.1147,0.67105,7.0241,4.266,-0.20216,-0.021533,0.22692,4.3385
7.1006,2.1955,6.7132,4.365,-0.17353,-0.024614,-0.053258,4.4372
7.0702,3.4145,7.4114,4.464,-0.32561,-0.0062909,-0.40451,4.5365
8.5689,2.4223,6.6833,4.564,-0.53058,-0.049643,-0.64659,4.6356
8.0938,1.2396,5.7593,4.663,-0.57906,0.048341,-0.6866,4.7348
7.7534,-0.19699,6.532,4.762,-0.55946,-0.031398,-0.69129,4.8339
7.812,-0.5751,5.6217,4.861,-0.79021,-0.079287,-0.63776,4.933
7.7864,-1.3023,6.8691,4.96,-0.62392,0.0026356,-0.50796,5.0321
7.4267,-1.828,6.0031,5.06,-0.44988,-0.0037144,-0.28449,5.1313
7.4615,-3.4677,6.7912,5.159,-0.2076,-0.011967,-0.19567,5.2304
7.5151,-1.7358,6.7102,5.258,-0.34223,-0.029062,-0.1709,5.3296
7.0173,0.088915,6.886,5.357,-0.47585,-0.011509,-0.068238,5.4287
7.8576,-2.7522,6.3116,5.457,-0.095291,-0.0094455,0.080622,5.5279
7.2541,-1.5746,6.6893,5.556,0.35443,0.01244,0.31431,5.627
7.7885,-1.9287,6.568,5.655,0.56469,0.0037152,0.54015,5.7262
7.766,-0.6977,6.3314,5.754,0.66272,-0.0023642,0.60123,5.8253
7.7584,0.119,6.5817,5.853,0.76711,0.045129,0.60866,5.9245
7.024,1.5163,5.8632,5.953,0.41747,0.013232,0.50034,6.0237
7.6166,1.2556,6.5495,6.052,0.5381,-0.0051348,0.43407,6.1228
7.3503,0.90397,6.6338,6.151,0.17756,0.019271,0.44353,6.222
7.2987,0.98914,6.8071,6.25,0.50728,-0.0073264,0.28263,6.3212
6.9295,2.5356,6.5845,6.349,0.31792,-0.013959,0.23,6.4203
7.5654,1.5837,6.3356,6.449,-0.2489,-0.069362,0.16674,6.5195
6.9141,0.15148,7.3996,6.548,-0.047022,-0.076406,0.091263,6.6187
6.6858,2.6432,6.8023,6.647,-0.34696,0.0098028,-0.097824,6.7179
7.3325,2.8183,6.3235,6.746,-0.39863,0.0013989,-0.36876,6.8171
7.7103,1.3045,6.4972,6.846,-0.69855,0.031705,-0.44606,6.9163
6.8128,0.4079,6.5267,6.945,-0.61242,-0.01425,-0.56553,7.0155
8.5234,0.3594,5.8516,7.044,-0.59062,-0.027704,-0.64809,7.1147
7.4987,-1.6827,6.6585,7.143,-0.44014,0.039202,-0.49525,7.2139
7.1205,-1.9489,5.2598,7.242,-0.10969,0.046577,-0.45775,7.3132
7.97,-2.1073,6.7752,7.342,-0.54861,0.043111,-0.38459,7.4123
7.7497,-1.0547,6.8291,7.441,-0.38036,-0.02721,-0.28623,7.5117
7.656,-0.43889,6.2071,7.54,-0.63041,-0.012428,-0.35551,7.6105
7.3885,-0.84395,6.1491,7.639,-0.38048,0.015412,-0.30069,7.7089
7.8534,-2.6624,5.5677,7.738,0.18069,0.026411,-0.18744,7.8084
7.2372,0.37602,6.8842,7.838,-0.2085,-0.023409,-0.11174,7.9075
7.4988,-1.2927,6.6345,7.937,0.20282,0.027021,0.064051,8.0069
6.9635,-1.0095,6.4999,8.036,0.20418,0.023614,0.1927,8.1061
7.5837,-1.0632,6.2381,8.135,0.46632,-0.0082706,0.32175,8.2054
5.4636,-0.54816,7.0361,8.234,0.46012,0.045517,0.48782,8.3046
7.4835,-1.2047,6.2203,8.334,0.54197,0.042561,0.59024,8.4039
7.0264,-0.12709,6.1037,8.433,0.48841,0.048224,0.63311,8.5032
7.3862,0.63797,6.4845,8.532,0.49341,0.01919,0.64515,8.6025
7.478,0.35566,6.0774,8.631,0.53938,0.019835,0.60706,8.7018
7.6457,1.051,5.5838,8.731,0.61988,-0.046531,0.50956,8.8011
6.8905,1.6036,7.0655,8.83,0.29591,0.0079351,0.39032,8.9004
7.5792,0.97807,5.5707,8.929,0.14834,0.011084,0.27376,8.9998
7.5027,1.2024,5.995,9.028,0.14308,-0.014953,0.19922,9.0991
6.8074,-0.54023,6.9768,9.127,0.13869,-0.024384,0.1889,9.1984
7.3987,-0.038919,6.665,9.227,0.0084219,-0.033092,0.24019,9.2978
6.9462,0.054786,6.843,9.326,-0.21898,-0.030654,-0.063714,9.3972
7.3078,1.7219,6.7328,9.425,-0.30337,0.010575,-0.26622,9.4965
6.9722,1.8078,7.0664,9.524,-0.67427,0.063293,-0.50771,9.5959
7.1388,0.75323,6.3592,9.624,-0.59937,0.076427,-0.51493,9.6953
6.9376,-0.35446,6.727,9.723,-0.50154,0.09543,-0.54059,9.7946
7.3725,0.67719,6.5701,9.822,-0.77273,0.041307,-0.67587,9.894
8.0015,-0.36015,6.5998,9.921,-0.63549,0.05244,-0.7528,9.9934
8.0206,-1.2107,5.312,10.02,-0.75223,0.0028004,-0.65839,10.093
7.8289,-1.8211,6.0801,10.12,-0.2353,0.0053101,-0.43726,10.192
7.8393,-0.16017,6.0943,10.219,-0.22047,0.024155,-0.46343,10.292
7.2497,-0.77943,6.4853,10.318,-0.13286,0.013018,-0.31217,10.391
7.524,-0.70818,6.1859,10.417,0.045789,0.011958,-0.23007,10.491
7.2422,-1.214,6.5086,10.516,0.081546,0.02666,-0.1471,10.59
7.1244,0.5543,6.8695,10.616,-0.20354,-0.025612,-0.14285,10.69
7.2385,-0.27139,6.7077,10.715,-0.0073069,0.028845,-0.071646,10.789
6.7093,0.56986,7.0307,10.814,0.061802,0.020948,-0.016176,10.887
7.156,-1.2173,6.9048,10.913,0.29433,0.044037,0.176,10.987
6.9291,-0.92283,7.2084,11.013,0.49421,0.048794,0.48251,11.086
6.9183,-0.62615,6.8852,11.112,0.36808,0.047796,0.59176,11.186
7.6537,0.099094,6.6004,11.211,0.58137,0.031731,0.72041,11.285
7.7326,0.60669,6.3552,11.31,0.70505,0.016042,0.70896,11.385
7.6822,1.512,5.9739,11.409,0.62421,0.016175,0.64841,11.484
7.6015,1.29,6.6947,11.509,0.47655,0.019871,0.63636,11.584
7.3874,0.39832,5.7626,11.608,0.41934,0.018826,0.65036,11.684
7.3163,0.081281,6.1055,11.707,0.60584,0.023326,0.55067,11.783
7.4774,2.1994,6.1018,11.806,0.50522,-0.021832,0.30486,11.883
7.468,1.6018,5.8539,11.906,0.20959,0.033086,0.17572,11.982
7.0194,1.6966,7.0554,12.005,-0.19803,-0.02111,0.13766,12.082
7.3645,-0.19325,6.5499,12.104,-0.26032,-0.029181,0.069821,12.181
7.0548,0.059127,6.997,12.203,-0.23922,-0.014831,-0.093983,12.281
7.125,1.6569,6.5775,12.303,-0.416,0.024921,-0.30405,12.381
6.3829,1.7526,7.0131,12.402,-0.59842,0.017481,-0.56819,12.48
7.3105,1.1116,6.8978,12.501,-0.53044,0.063914,-0.66014,12.579
7.0171,0.75563,6.7716,12.6,-0.44454,-0.0006068,-0.78818,12.678
8.1437,1.0873,6.5582,12.699,-0.73271,-0.053434,-0.94324,12.777
8.4868,-0.064516,5.9214,12.799,-0.72592,-0.024091,-0.78067,12.875
8.2998,-1.19,5.9859,12.898,-0.49857,-0.062117,-0.58902,12.974
7.56,-0.78751,6.3471,12.997,-0.56912,-0.026102,-0.45972,13.073
7.1065,-0.45101,6.0916,13.096,-0.35601,0.012397,-0.3389,13.172
7.2966,-0.9628,6.4544,13.195,-0.3508,-0.040293,-0.21781,13.271
7.0617,-1.2129,7.0279,13.295,-0.22005,-0.030732,-0.20456,13.37
6.8498,0.42781,6.9032,13.394,-0.14541,-0.011779,0.0070788,13.469
6.8047,-0.074545,7.1104,13.493,0.044987,0.026774,0.10197,13.568
7.1996,-1.0888,6.9143,13.592,0.39288,0.017498,0.33519,13.666
7.1951,-0.70444,6.702,13.692,0.34353,0.063106,0.43934,13.765
7.308,0.070803,7.0042,13.791,0.39545,0.062241,0.53225,13.864
7.338,0.69171,6.9134,13.89,0.42947,0.023216,0.60045,13.963
7.7699,-0.36764,6.2104,13.989,0.62405,0.03061,0.77159,14.062
7.4943,0.27124,5.8513,14.088,0.63255,0.022513,0.73903,14.161
7.6316,1.2643,6.2675,14.188,0.616,-0.0010519,0.71573,14.259
7.4337,1.0221,6.0775,14.287,0.54224,-0.012934,0.59782,14.357
7.6744,0.9854,6.0242,14.386,0.59658,-0.029954,0.51652,14.456
7.0155,2.707,5.6844,14.485,0.8824,0.026581,0.25883,14.555
7.128,3.9031,6.5427,14.585,-0.67049,-0.0050011,0.10902,14.654
7.1952,-0.95771,6.4924,14.684,0.18954,0.0064995,0.10681,14.753
6.8843,0.5534,7.1828,14.783,-0.19348,-0.043716,0.16477,14.852
7.1903,0.58873,6.5766,14.882,0.085037,-0.0093586,-0.046562,14.951
6.9909,2.7386,7.2171,14.981,-0.16143,-0.0061537,-0.30151,15.05
7.111,2.3839,6.9646,15.081,-0.77202,0.019952,-0.51874,15.149
7.1042,1.2171,6.4106,15.18,-0.67372,0.034602,-0.58541,15.247
7.2764,-0.56268,7.1771,15.279,-0.56617,0.021616,-0.60877,15.346
7.255,0.28037,6.5098,15.378,-0.44367,0.021327,-0.70125,15.445
7.3844,0.85457,6.0916,15.477,-0.83565,-0.043755,-0.78847,15.544
8.8318,-0.61507,5.0505,15.577,-0.7288,-0.09296,-0.74769,15.643
7.9744,-1.2761,5.6425,15.676,-0.4587,-0.0326,-0.45396,15.742
7.5223,-0.76132,6.6591,15.775,-0.11681,0.011381,-0.36312,15.841
7.3349,0.80847,6.3013,15.874,-0.14824,0.018247,-0.20365,15.94
7.2615,-2.2604,6.2362,15.973,-0.10432,0.0092453,-0.16728,16.039
7.2563,0.56268,6.8393,16.073,-0.029717,0.019463,-0.14377,16.138
7.0099,0.19639,6.7108,16.172,0.13102,-0.013292,-0.084912,16.237
7.265,0.17888,6.7746,16.271,0.089332,-0.00059639,0.052215,16.336
6.946,-1.1201,6.8763,16.37,0.081818,0.020604,0.27255,16.435
7.178,-1.2554,6.7372,16.47,0.27973,0.027589,0.32817,16.534
6.8616,-0.58648,6.6888,16.569,0.42316,0.04819,0.54027,16.633
7.1988,-0.68632,6.8412,16.668,0.46947,0.047846,0.60283,16.732
7.5934,-0.061372,6.5981,16.767,0.55074,0.024215,0.73207,16.831
7.6781,-0.9119,5.6401,16.866,0.58844,-0.02199,0.8397,16.93
7.5124,0.56148,5.8473,16.966,0.73962,0.025062,0.67231,17.029
8.1396,1.9458,6.3321,17.065,0.57233,0.026834,0.58662,17.128
7.5882,0.58468,5.8882,17.164,0.30148,-0.0079159,0.51829,17.227
6.8909,0.96849,6.5561,17.263,0.5366,0.017252,0.31286,17.326
7.1409,2.6315,6.567,17.362,-0.19625,-0.0040392,0.18604,17.425
7.1539,-0.70773,6.9346,17.462,-0.37035,-0.0056505,0.13793,17.523
7.1291,0.2651,6.596,17.561,-0.0049138,-0.0074769,0.11672,17.622
7.2482,-0.56478,6.1968,17.66,-0.31021,-0.025676,0.069553,17.721
7.0036,0.39697,6.7902,17.759,0.035838,0.015706,0.046098,17.82
6.714,0.56358,6.6116,17.859,0.019508,0.0047463,-0.0013701,17.919
6.7804,0.88346,7.2186,17.958,-0.048429,0.064538,-0.2018,18.018
6.576,2.1012,6.8231,18.057,-0.33354,0.069457,-0.54767,18.117
6.7065,1.9329,7.017,18.156,-0.62709,0.032449,-0.84369,18.217
7.8994,2.463,5.5802,18.256,-0.93557,-0.0057395,-1.0218,18.316
8.1842,0.53169,6.4013,18.355,-0.90457,-0.061316,-0.97722,18.415
8.579,-0.7471,5.4059,18.454,-0.99963,-0.083425,-0.81149,18.514
8.4022,-0.76596,5.9202,18.553,-0.76537,-0.040757,-0.56314,18.613
7.7058,-2.2078,6.5773,18.652,-0.0856,-0.016866,-0.426,18.712
7.6054,-1.6009,6.457,18.752,-0.18576,-0.017663,-0.19814,18.812
7.3115,-2.2631,6.4428,18.851,-0.026843,-0.0019078,-0.11468,18.911
7.1017,1.2107,6.517,18.95,-0.050626,-0.0050983,-0.091157,19.01
7.0943,0.79305,6.4085,19.049,0.024502,-0.0083136,-0.035685,19.109
6.9692,0.39263,7.0818,19.149,-0.084379,-0.019649,-0.01376,19.208
6.9355,-0.51059,7.0822,19.248,0.23484,0.0215,0.21226,19.308
7.2325,-1.8436,7.0191,19.347,0.45352,0.049033,0.42692,19.407
6.9185,-1.1316,6.8703,19.446,0.25368,0.06537,0.69352,19.506
7.5144,0.017065,5.8079,19.545,0.54399,0.034566,0.73278,19.606
7.4373,0.55175,6.2044,19.645,0.68874,0.029785,0.74435,19.705
7.7664,0.042661,6.2767,19.744,0.76497,0.037333,0.74151,19.804
7.9426,0.46254,5.8546,19.843,0.78238,0.045543,0.69952,19.903
7.9073,0.58409,6.089,19.942,0.60446,0.039166,0.64721,20.003
7.5301,0.94828,5.7016,20.041,0.20453,0.0321,0.65969,20.102
7.5243,2.1438,6.3607,20.141,0.44935,0.019041,0.38869,20.202
7.3014,4.4895,6.3329,20.24,-0.19675,-0.0071853,0.12699,20.301
6.8845,0.44607,6.5933,20.339,-0.65577,-0.036686,0.092704,20.4
7.2077,0.12304,7.0553,20.438,0.049548,-0.033775,-0.0039148,20.5
7.036,1.1795,6.7141,20.538,-0.28986,-0.0055188,-0.15231,20.599
6.9078,0.84095,6.6532,20.637,-0.28172,0.014305,-0.28619,20.699
7.0321,0.72419,7.0063,20.736,-0.41336,0.019115,-0.36804,20.798
6.6664,1.1034,7.2301,20.835,-0.42348,0.04558,-0.52734,20.896
7.024,1.7207,6.43,20.934,-0.67556,0.050663,-0.75578,20.996
7.2056,1.0074,6.4573,21.034,-0.71797,-0.013738,-0.92762,21.095
8.1362,-0.17918,6.1715,21.133,-0.60785,-0.038731,-0.93466,21.195
8.6143,-0.39413,5.384,21.232,-0.64368,-0.08702,-0.73659,21.294
8.2787,-1.7506,6.4502,21.331,-0.36219,-0.08971,-0.65274,21.394
7.889,-1.2539,6.0501,21.431,-0.64288,-0.025834,-0.36156,21.493
7.7611,-1.1143,6.4707,21.53,-0.3649,-0.038188,-0.19469,21.593
7.3359,-0.94858,6.4407,21.629,-0.055836,-0.026403,-0.20603,21.693
7.4033,1.0064,6.999,21.728,-0.097647,-0.013827,-0.057865,21.792
7.1391,0.53499,6.5582,21.827,0.10049,-0.0037011,-0.049786,21.892
7.1358,0.16481,6.8066,21.927,0.084192,0.007218,0.083602,21.991
7.2627,-1.0638,6.9463,22.026,0.14151,0.033537,0.29321,22.091
7.2511,-1.0596,6.8995,22.125,0.37201,0.047276,0.49155,22.191
7.3279,-0.29758,6.6019,22.224,0.42387,0.068023,0.60039,22.29
7.2376,0.30761,6.5073,22.324,0.5381,0.083421,0.66348,22.39
7.7506,0.11331,6.2128,22.423,0.542,0.044246,0.70807,22.49
7.037,0.66073,6.0521,22.522,0.72815,0.056666,0.78776,22.589
7.1887,1.1873,5.7681,22.621,0.52393,-0.008774,0.73697,22.689
7.9601,0.89424,6.4068,22.72,0.54355,0.022202,0.65547,22.789
7.5906,1.7047,6.2176,22.82,0.23107,0.0066354,0.62807,22.888
7.5912,2.9354,6.568,22.919,-0.13781,-0.012249,0.38984,22.988
7.4985,1.0619,6.7104,23.018,0.57633,-0.008644,0.11711,23.088
7.1342,1.1998,6.0925,23.117,-0.58464,-0.015326,0.10409,23.188
7.2803,-0.40161,6.6502,23.216,0.24741,-0.067169,0.07256,23.287
6.8932,2.6703,7.046,23.316,-0.38789,-0.0022789,-0.13278,23.387
7.2912,2.181,6.8586,23.415,-0.48388,0.018569,-0.36699,23.487
7.1602,0.62076,6.7662,23.514,-0.27673,0.010968,-0.40995,23.587
7.1598,1.2812,6.477,23.613,-0.58472,0.010357,-0.5361,23.687
7.1643,0.77554,6.4743,23.713,-0.70203,0.0076558,-0.60756,23.787
7.3617,-0.032333,6.1631,23.812,-0.67086,0.033914,-0.57927,23.886
6.9203,-0.68363,6.5673,23.911,-0.53171,0.014873,-0.61482,23.986
8.1333,0.31465,5.6871,24.01,-0.77638,-0.061729,-0.70855,24.086
7.3463,-0.69411,6.0455,24.109,-0.68954,-0.021521,-0.74857,24.185
8.4303,-2.2561,6.3104,24.209,-0.1995,-0.0012731,-0.50046,24.285
7.6741,-0.97043,6.8306,24.308,-0.36246,0.0015855,-0.24453,24.385
7.3401,-0.12469,6.4926,24.407,-0.29277,0.0074536,-0.17968,24.485
7.6913,-0.18636,6.3083,24.506,-0.014988,-0.015718,-0.17598,24.585
6.968,-0.021405,6.6608,24.605,0.34412,0.0057139,-0.10726,24.685
7.1611,0.82269,6.2803,24.705,-0.057077,0.0068524,-0.063575,24.785
7.1833,-0.39024,6.7107,24.804,0.28546,-0.015459,0.046982,24.884
7.0755,-0.42107,6.6317,24.903,0.15712,0.035016,0.22865,24.982
7.1925,-0.39608,6.9442,25.002,0.3005,0.036164,0.34303,25.081
7.0105,0.03368,6.8505,25.101,0.37517,0.039912,0.46241,25.179
7.049,-0.056283,6.8063,25.201,0.32747,0.014918,0.51361,25.278
6.864,-0.21899,6.3806,25.3,0.66774,0.087058,0.63705,25.376
7.6422,0.99992,6.3793,25.399,0.49095,0.030204,0.75959,25.475
8.061,0.42691,7.1467,25.498,0.79042,0.081672,0.73644,25.573
7.4018,1.079,6.2211,25.598,0.66803,0.05789,0.62159,25.672
7.5707,1.4199,5.8435,25.697,0.61559,0.021158,0.62821,25.77
7.5684,0.51418,5.7585,25.796,0.39306,0.011302,0.61162,25.869
7.446,1.2017,6.3011,25.895,0.95152,0.021081,0.15561,25.967
6.9794,5.4693,7.0982,25.994,-0.32046,0.019426,0.25783,26.066
7.2836,-0.80877,7.5181,26.094,0.22045,-0.0043126,0.097844,26.164
7.3761,0.34907,6.4034,26.193,-0.057138,-0.012139,0.074196,26.263
7.1707,0.52181,6.7126,26.292,-0.045141,-0.04794,0.0091233,26.362
6.8292,1.2442,6.8689,26.391,-0.25431,0.0020633,-0.12428,26.46
6.7806,1.4496,7.1153,26.491,-0.38692,-0.01853,-0.33495,26.559
7.2448,2.0012,6.6206,26.59,-0.4766,-0.0011614,-0.57844,26.657
7.0792,1.3921,6.247,26.689,-0.58217,-0.0007872,-0.6773,26.756
7.5954,0.12484,6.391,26.788,-0.52315,0.032293,-0.65495,26.854
7.685,1.1959,6.248,26.887,-0.76727,-0.052224,-0.8197,26.953
7.7271,0.36464,5.3111,26.987,-0.87938,-0.035486,-0.78919,27.052
8.3402,-1.2631,6.2185,27.086,-0.66382,-0.029797,-0.64983,27.15
8.0245,-1.2987,5.8888,27.185,-0.41455,-0.038014,-0.48107,27.249
7.2313,-1.0242,6.5951,27.284,-0.48609,-0.020219,-0.22205,27.348
7.1381,-0.94424,6.6035,27.383,-0.21962,-0.0028468,-0.15429,27.446
7.3112,-0.45475,6.5112,27.483,0.027931,0.00082422,-0.13283,27.544
7.068,1.0767,6.7833,27.582,-0.18463,0.023935,-0.17158,27.643
7.0222,0.45775,6.6876,27.681,-0.073607,-0.0091018,-0.088344,27.741
7.0304,0.38335,6.9403,27.78,0.047188,0.01919,-0.015955,27.84
6.8013,0.11511,7.2873,27.88,0.060108,0.022812,0.1276,27.939
7.2398,-1.4312,6.6144,27.979,0.27458,0.058753,0.24257,28.037
6.9924,-0.8917,7.5789,28.078,0.59987,0.038058,0.46013,28.136
7.3635,-1.6032,6.4719,28.177,0.54909,0.087164,0.71521,28.235
7.9983,-0.30626,6.1537,28.276,0.68157,0.063689,0.85342,28.334
7.9883,0.42242,6.0558,28.376,0.67312,0.061902,0.77265,28.432
8.1839,1.3322,5.5088,28.475,0.66002,0.03323,0.71002,28.531
7.3135,1.1053,5.9458,28.574,0.13809,-0.016945,0.6379,28.63
7.9877,0.73572,6.226,28.673,0.42137,0.0095657,0.49631,28.729
7.2536,2.8478,6.8047,28.772,0.38788,0.0092392,0.39303,28.828
7.1593,1.5889,6.2636,28.872,-0.099345,-0.0063867,0.19112,28.926
7.161,0.47302,6.8188,28.971,0.20903,-0.020879,0.11879,29.025
7.1172,-0.63453,6.9535,29.07,-0.1677,-0.021508,0.10065,29.124
6.9035,0.14789,6.8995,29.169,0.21344,-0.029306,0.12522,29.223
7.4171,0.0053888,7.0556,29.268,-0.15386,-0.04051,0.10122,29.322
6.8266,-0.27947,6.3369,29.368,-0.07389,0.0089746,-0.04622,29.421
7.078,1.5819,7.0707,29.467,-0.18673,0.007767,-0.19988,29.52
6.7046,1.8608,7.2422,29.566,-0.59467,0.038121,-0.44441,29.619
6.9914,1.8816,7.0433,29.665,-0.60288,0.050913,-0.61056,29.718
7.691,-0.5784,7.1054,29.765,-0.45128,0.042327,-0.64335,29.817
7.6549,0.73392,6.1567,29.864,-0.62076,-0.019556,-0.81976,29.916
7.388,0.47826,5.6368,29.963,-0.73549,-0.049123,-0.77272,30.015
7.9387,-0.95801,5.9795,30.062,-0.57849,0.0020132,-0.58687,30.114
8.3278,-1.1989,6.0598,30.161,-0.5966,-0.015706,-0.55583,30.213
7.6627,0.10628,5.9266,30.261,-0.47768,-0.0114,-0.43075,30.312
7.3523,-1.5234,6.5689,30.36,-0.27875,0.0057205,-0.22462,30.411
7.5022,-1.747,6.2625,30.459,0.15144,0.0018831,-0.14176,30.51
7.1442,0.48544,6.689,30.558,0.098086,0.021126,-0.10425,30.609
7.0068,0.34922,6.6128,30.658,0.064648,0.014865,-0.12262,30.707
6.9246,0.17424,6.8502,30.757,-0.021358,-0.015759,-0.089239,30.806
7.0108,0.46164,7.1562,30.856,-0.042597,-0.0061962,0.039665,30.905
7.3277,-1.4173,7.1165,30.955,0.15708,0.0073189,0.26287,31.004
7.0351,-1.882,6.7864,31.054,0.53413,0.080173,0.52275,31.104
7.1964,-1.0382,6.7587,31.154,0.45177,0.040299,0.66647,31.203
8.5513,0.29713,7.234,31.253,0.57106,0.036316,0.86278,31.302
7.0756,0.65983,5.8084,31.352,0.93154,0.081368,0.81217,31.401
7.9838,0.033381,5.4627,31.451,0.68022,0.089335,0.85671,31.501
7.6777,0.77239,4.9773,31.551,0.83379,0.0769,0.76933,31.6
7.4554,0.77853,5.2381,31.65,0.67543,-0.011693,0.64905,31.699
6.72,2.1244,5.9148,31.749,0.69646,0.028489,0.42106,31.799
7.356,4.3622,5.9178,31.848,-0.22614,0.029514,0.068361,31.898
7.0777,0.31285,6.6945,31.948,-0.37157,-0.0043641,0.111,31.997
7.028,-0.57016,6.9387,32.047,0.3879,-0.032095,0.051655,32.097
6.9649,0.57645,6.4893,32.146,-0.40349,-0.0051768,0.10639,32.196
7.2268,0.96983,6.7685,32.245,-0.085378,-0.0075122,0.032707,32.295
6.9312,0.24729,7.1454,32.344,-0.19563,-0.020779,-0.061208,32.395
6.934,1.5821,7.1895,32.444,-0.33692,0.011409,-0.26762,32.494
7.2803,2.3119,6.7002,32.543,-0.29402,0.015553,-0.6383,32.594
7.1791,1.2653,6.2583,32.642,-0.56305,0.037411,-0.81348,32.693
7.9774,0.50071,6.2068,32.741,-0.53834,-0.029974,-0.87751,32.793
7.2574,0.11182,5.9024,32.841,-0.74669,-0.021304,-0.80288,32.892
7.735,0.22124,5.1342,32.94,-0.70419,-0.010181,-0.72102,32.992
7.6705,-0.35791,6.5062,33.039,-0.68507,-0.05106,-0.63166,33.092
7.515,-1.0629,6.3746,33.138,-0.49213,-0.030571,-0.4904,33.191
7.4545,-0.85098,6.1516,33.237,-0.30072,-0.011861,-0.35337,33.291
7.3912,-1.389,6.4751,33.337,-0.0098842,-0.0048414,-0.18785,33.39
7.3193,-1.331,6.671,33.436,0.10289,-1.5633e-06,-0.086689,33.49
7.0102,1.7398,6.8825,33.535,-0.10144,-0.021261,-0.088377,33.59
6.9113,0.44637,6.8501,33.634,-0.13885,0.0037954,-0.13149,33.689
6.9236,1.5255,7.0875,33.733,-0.18726,-0.002955,-0.032099,33.789
6.77,0.35027,7.1707,33.833,0.029539,0.0036261,0.023788,33.889
6.8408,-0.52541,7.0378,33.932,0.15185,0.033759,0.21783,33.989
7.125,-1.3688,6.9233,34.031,0.22007,0.067362,0.51601,34.089
6.8813,-1.0385,6.461,34.13,0.62324,0.035426,0.67148,34.188
7.2629,-0.01901,6.4234,34.23,0.64689,0.060458,0.73587,34.287
7.3647,0.95831,6.4594,34.329,0.76028,0.1362,0.6898,34.387
7.9125,-0.2895,6.1007,34.428,0.80096,0.019041,0.76481,34.487
7.6656,0.86251,5.8485,34.527,0.59802,0.11655,0.7553,34.587
8.0995,1.3327,5.4029,34.626,0.85787,0.022529,0.67932,34.687
7.3563,1.8707,6.1865,34.726,0.38357,0.041479,0.54868,34.787
7.1472,1.359,6.6074,34.825,0.66018,0.024673,0.37189,34.886
7.1949,2.8309,6.4023,34.924,-0.056854,0.013809,0.11968,34.986
7.0065,1.5391,6.8912,35.023,-0.29054,0.036139,0.085388,35.086
6.8523,-1.1968,6.8544,35.123,0.12741,0.012894,0.058347,35.186
7.4987,2.2001,6.7475,35.222,-1.0187,-0.08753,0.030538,35.286
6.7875,-0.40102,7.4166,35.321,0.31197,0.027286,-0.16072,35.386
7.3979,2.7486,6.1106,35.42,-0.63441,0.0096252,-0.41625,35.487
7.3053,1.2342,6.1733,35.519,-0.43692,0.019008,-0.56205,35.587
7.4626,-0.7236,6.8043,35.619,-0.53795,0.0066816,-0.53261,35.687
7.2705,-0.30866,6.266,35.718,-0.54203,-0.0051962,-0.50735,35.787
7.6343,-1.3818,6.7525,35.817,-0.73837,0.011519,-0.30639,35.887
7.2906,-1.5602,6.2335,35.916,-0.33132,0.0082944,-0.17357,35.987
7.4347,-2.8911,6.5433,36.015,0.49316,0.00043202,-0.036641,36.087
7.068,1.6029,6.665,36.115,-0.4354,0.011641,-0.057765,36.187
7.2144,-1.3255,6.6393,36.214,0.26764,-0.0017067,-0.039811,36.288
7.0619,0.38754,6.7728,36.313,0.0089973,0.021072,-0.023686,36.388
7.0746,0.29728,6.5448,36.412,-0.11166,0.023579,-0.0059039,36.488
7.0252,-0.025297,7.0107,36.512,-0.28009,0.0037283,-0.039391,36.588
7.0364,-0.19669,6.8281,36.611,-0.2784,-0.00072411,-0.038467,36.689
7.1749,-0.94768,6.7799,36.71,0.043009,-0.014581,-0.022862,36.789
6.8771,0.054636,6.9445,36.809,-0.16497,-0.025222,0.0037769,36.889
7.2093,0.38575,6.5894,36.908,-0.29549,-0.024576,-0.065811,36.989
6.9776,2.4573,6.9414,37.008,-0.41712,-0.033173,-0.19786,37.09
6.6649,3.1831,6.6353,37.107,-0.64358,0.045352,-0.46837,37.19
7.7284,2.1928,6.8867,37.206,-0.6563,0.038156,-0.64179,37.288
6.9342,2.886,6.2178,37.305,-0.95557,0.11576,-0.7505,37.386
8.0976,0.38335,6.1381,37.405,-0.9204,0.12037,-0.83338,37.484
8.3935,0.51747,6.1042,37.504,-1.087,0.14159,-0.93194,37.581
7.8172,0.096699,4.8974,37.603,-0.92107,0.14688,-0.86774,37.68
8.3772,0.33306,5.0728,37.702,-1.0309,0.12357,-0.94462,37.778
8.1598,-0.93211,4.8746,37.801,-0.93799,0.10934,-0.83839,37.876
8.1615,-1.8018,5.2725,37.901,-0.77217,0.072293,-0.73673,37.974
7.809,-1.2364,5.6873,38,-0.46459,0.047361,-0.8199,38.072
8.796,-0.70279,6.169,38.099,-0.58357,0.057636,-0.79521,38.17
7.5382,-0.92268,6.1411,38.198,-0.57021,-0.011512,-0.70843,38.269
7.5853,-1.6506,6.6146,38.297,-0.14362,-0.0031808,-0.62438,38.367
7.7778,-0.94259,6.4064,38.397,-0.66759,0.011079,-0.46129,38.465
7.7557,-3.7575,7.5073,38.496,-0.372,-0.012138,-0.16654,38.563
7.1261,-2.871,6.6362,38.595,0.3597,0.029221,-0.067866,38.662
6.9101,1.5843,6.8608,38.694,-0.30506,-0.0092853,-0.10263,38.76
6.8489,-0.50715,6.693,38.793,-0.17095,-0.012213,-0.062301,38.858
6.9149,0.60609,7.0884,38.893,0.18247,0.014928,-0.034166,38.956
7.4294,0.4573,7.5148,38.992,0.046206,0.027404,-0.042262,39.055
7.0972,0.22857,6.535,39.091,-0.044452,0.0086334,-0.082308,39.153
7.1011,0.62016,6.5817,39.19,-0.13741,-0.014739,-0.05494,39.251
6.9789,-0.29534,6.8566,39.29,0.11423,0.017898,-0.019632,39.35
6.4498,0.81296,7.3187,39.389,0.24484,-0.050319,0.10796,39.448
7.5368,1.4631,6.7679,39.488,-0.011638,0.0017159,0.12004,39.546
7.0158,0.072898,7.3864,39.587,0.11319,-0.01826,0.097777,39.645
7.144,0.96684,6.5806,39.686,-0.00091386,-0.025388,0.11237,39.743
6.9783,0.27183,6.9491,39.786,0.0084255,-0.0048774,0.1151,39.842
6.532,1.2206,7.2026,39.885,-0.27513,-0.030579,0.19963,39.94
6.0795,1.0114,7.4561,39.984,-0.10818,0.049642,-0.0075847,40.038
7.2464,2.5293,6.8863,40.083,-0.034774,0.03443,-0.31247,40.137
7.1008,0.87074,7.0647,40.182,-0.3918,0.018912,-0.3635,40.235
7.0722,0.35132,6.7442,40.282,-0.38612,0.0065363,-0.51061,40.334
8.0848,-0.64067,6.4613,40.381,-0.5359,-0.014763,-0.43954,40.432
6.9837,-3.5214,5.7371,40.48,-0.27489,0.020377,-0.23907,40.531
7.2404,-0.99438,6.7914,40.579,-0.22678,-0.020796,-0.23962,40.63
7.0776,-0.59337,6.1928,40.678,-0.51235,-0.0047529,-0.22046,40.727
7.3526,-0.6468,6.6013,40.778,0.021678,-0.043023,-0.30231,40.826
6.3392,0.25028,7.3529,40.877,-0.16482,-0.047872,-0.29539,40.924
7.1108,0.27049,6.6243,40.976,0.11681,-0.0026125,-0.21629,41.023
7.0801,0.66986,6.7908,41.075,0.30154,0.0072421,-0.108,41.122
7.0012,-0.25013,7.2764,41.175,0.22498,0.043296,0.18745,41.22
7.0349,-0.29144,6.7216,41.274,0.54228,0.052751,0.24816,41.319
6.9048,0.80577,6.7828,41.373,0.01713,0.088063,0.31846,41.418
7.7648,0.76311,6.73,41.472,0.33584,0.10085,0.43759,41.516
7.1285,0.72898,6.9119,41.571,0.34397,0.071884,0.55937,41.615
7.0421,0.32662,6.6299,41.671,0.42593,0.073408,0.58487,41.714
7.31,1.9341,6.7996,41.77,0.36759,0.09581,0.58766,41.813
7.0506,0.88271,6.3137,41.869,0.4942,0.088616,0.58096,41.912
6.783,1.4717,6.5995,41.968,0.47794,0.06444,0.53494,42.01
7.4624,0.71851,6.3414,42.067,0.3658,0.024737,0.5583,42.109
7.0646,1.9754,6.8828,42.167,0.46541,0.039,0.44399,42.208
7.6145,2.467,5.9893,42.266,0.067552,0.048589,0.30974,42.307
7.0279,1.1034,6.6303,42.365,0.21839,-0.0086257,0.23459,42.406
6.9771,2.1516,7.0101,42.464,-0.6833,-0.043733,0.093537,42.505
6.8514,-0.61612,7.4846,42.563,-0.22863,-0.050971,0.11361,42.604
7.1196,0.73572,6.3606,42.663,0.012047,-0.00058153,0.14169,42.703
6.8477,0.61342,6.9921,42.762,-0.30581,-0.020417,-0.017186,42.802
7.0089,1.3463,7.139,42.861,-0.29708,-0.039172,-0.18349,42.901
6.7302,2.1028,6.8768,42.96,-0.47387,0.010557,-0.38651,43
7.202,0.89679,6.5032,43.06,-0.31809,0.016675,-0.50915,43.099
7.0346,0.022004,6.5725,43.159,-0.59831,0.02827,-0.4707,43.198
7.1321,0.29324,6.1859,43.258,-0.11053,0.0080164,-0.58056,43.297
7.1081,0.88346,6.5854,43.357,-0.59511,-0.042938,-0.75072,43.397
7.7805,-0.50535,6.4387,43.456,-0.73425,-0.025601,-0.70351,43.496
7.5084,-1.212,6.563,43.556,-0.58636,-0.031099,-0.52348,43.595
7.8928,-1.4042,6.3922,43.655,-0.68428,-0.021034,-0.37258,43.694
7.2966,-0.241,6.6135,43.754,-0.2966,-0.023745,-0.36456,43.794
7.2336,0.83496,6.5957,43.853,-0.51506,-0.023317,-0.30058,43.893
7.3526,0.056882,6.3478,43.952,0.01152,0.048085,-0.20641,43.992
7.0544,-0.30581,6.7302,44.052,-0.24142,-0.01039,-0.15358,44.092
7.3575,-0.81041,6.6207,44.151,-0.08641,0.0058387,-0.069221,44.191
6.8649,0.53723,6.9274,44.25,0.058036,-0.00010257,-0.096865,44.289
7.1186,0.56537,6.7709,44.349,-0.19155,-0.026132,-0.072369,44.389
6.7037,0.11706,7.0162,44.448,0.24793,-0.010095,0.0055577,44.488
6.9598,-0.44338,7.2621,44.548,0.016075,0.022381,0.12621,44.588
6.8599,-0.96819,6.7209,44.647,0.16881,0.05245,0.27478,44.687
6.7293,-0.67569,7.3569,44.746,0.32767,0.038377,0.45412,44.787
7.4063,-2.1964,6.6438,44.845,0.82325,0.062361,0.67767,44.887
7.2198,0.38904,6.1455,44.944,0.59522,0.02938,0.77345,44.986
7.9384,1.256,6.2914,45.044,0.70047,0.049568,0.65981,45.086
7.6242,0.62375,6.1079,45.143,0.66553,0.044745,0.49382,45.185
7.5148,0.89559,6.3975,45.242,0.46023,0.043759,0.60743,45.285
7.1071,0.70923,5.9396,45.341,0.39678,0.043234,0.57584,45.385
7.1598,0.60833,6.2697,45.44,0.51325,0.038259,0.52609,45.485
7.0267,2.0317,6.3535,45.54,0.49388,0.013088,0.38333,45.584
6.8855,3.6548,6.8947,45.639,-0.26917,0.017396,0.12114,45.684
7.1312,0.18966,6.8553,45.738,-0.098457,-0.00020717,0.029883,45.784
7.1074,0.50056,6.765,45.837,-0.016203,0.015875,0.06027,45.884
6.7634,0.48664,7.1282,45.937,0.013858,-0.0039482,0.033558,45.984
6.9282,1.021,6.6911,46.036,-0.22221,-0.0063453,0.057109,46.084
5.6172,0.72719,6.7323,46.135,0.068662,-0.0041472,0.045106,46.184
6.2339,0.85577,7.4726,46.234,-0.14399,0.010886,-0.24982,46.284
6.2517,2.4553,7.2726,46.333,-0.41992,-0.001912,-0.5341,46.384
7.5015,2.1655,6.6206,46.433,-0.71396,0.00037572,-0.81864,46.484
7.7483,-0.55729,6.367,46.532,-0.59211,0.0079294,-0.75301,46.584
7.5142,0.57301,5.9076,46.631,-0.68248,-0.043116,-0.65207,46.684
7.9296,1.7614,5.5606,46.73,-0.65104,-0.0444,-0.66956,46.784
7.9586,0.97837,6.3372,46.829,-0.43977,-0.040073,-0.82832,46.884
8.0844,-0.059127,5.6934,46.929,-0.96449,-0.025032,-0.61358,46.984
7.5763,-3.3617,6.3934,47.028,-0.0086813,-0.019297,-0.35515,47.084
7.1698,-2.1551,6.8569,47.127,0.33375,0.0067203,-0.1476,47.184
7.3071,1.0679,6.0076,47.226,-0.018284,0.013508,-0.10401,47.285
7.0905,-0.56014,6.7978,47.325,-0.27541,-0.013702,-0.032896,47.385
6.7032,1.5767,7.2942,47.425,-0.056716,0.0046114,-0.030793,47.485
6.7695,0.1428,6.9771,47.524,-0.06324,0.014406,-0.070505,47.584
6.9342,-0.009131,6.6893,47.623,0.40388,0.0096938,-0.081468,47.685
6.3118,0.38724,7.4133,47.722,0.38949,0.0024212,0.048005,47.785
6.5371,-1.0155,7.6358,47.822,0.18175,0.065699,0.32288,47.885
6.9722,-1.4068,6.5974,47.921,0.68581,0.072759,0.5599,47.986
6.9321,1.2773,7.2783,48.02,0.39235,0.066237,0.63143,48.086
6.9731,-0.030387,6.383,48.119,0.78674,0.097965,0.66565,48.187
7.9122,-0.033979,6.4408,48.218,0.66863,0.043494,0.56337,48.287
8.2559,-0.042362,5.262,48.318,0.29517,-0.010173,0.88295,48.388
7.5099,0.7197,5.7061,48.417,0.55507,0.040622,0.80843,48.488
7.2128,0.23142,5.8697,48.516,0.80519,0.051931,0.67115,48.589
7.181,3.1828,6.3401,48.615,0.16962,-0.005159,0.46031,48.689
6.8643,4.0253,6.3377,48.714,-0.21393,0.015652,0.07888,48.79
6.7926,0.031734,6.4851,48.814,0.0014688,-0.01384,0.056004,48.89
6.8303,-0.25133,7.127,48.913,-0.24015,0.00019027,0.15419,48.991
7.0864,-0.14265,6.6983,49.012,-0.076296,-0.0040828,0.055143,49.091
6.9622,0.97627,6.6576,49.111,-0.34024,-0.001138,0.068416,49.192
6.9123,-0.86355,7.1041,49.211,0.44049,0.040176,0.24118,49.293
6.1711,0.57361,6.5791,49.31,-0.26929,-0.0088161,0.0053336,49.393
6.7303,1.0387,7.2193,49.409,-0.3167,0.033767,-0.082033,49.494
6.7641,1.452,7.4493,49.508,-0.26595,0.033517,-0.41662,49.593
6.9282,1.8359,7.18,49.607,-0.45485,0.0088012,-0.62048,49.691
7.169,1.4902,6.8652,49.707,-0.59308,-0.010797,-0.74781,49.789
7.5269,0.26166,6.011,49.806,-0.71451,-0.00055773,-0.76764,49.886
7.8694,0.12319,5.7572,49.905,-0.53456,-0.03843,-0.65185,49.984
7.6257,0.36973,5.6034,50.004,-0.55216,-0.026371,-0.61887,50.082
7.8869,0.87792,5.1457,50.103,-0.60863,-0.048365,-0.6673,50.18
7.9316,-0.40281,6.5546,50.203,-0.71384,-0.073634,-0.67464,50.278
7.5455,-2.0413,6.1422,50.302,-0.083455,-0.038135,-0.4189,50.376
7.4097,-1.8966,7.263,50.401,0.099967,0.0029439,-0.06249,50.474
6.9438,1.0938,7.299,50.5,-0.097355,-0.016484,-0.064708,50.571
6.9938,0.29728,6.9185,50.599,0.22041,0.0027919,-0.052074,50.669
6.9021,1.1974,6.6803,50.699,-0.1146,-0.008303,-0.05471,50.767
6.8301,0.28171,7.0144,50.798,0.010995,0.0041029,-0.00057986,50.864
6.8647,-0.37811,7.4044,50.897,0.06316,0.02327,0.16108,50.962
6.804,-1.0989,7.069,50.996,0.21272,0.090421,0.33738,51.06
7.2967,-0.44128,6.8794,51.096,0.28515,0.095644,0.57263,51.158
7.0985,-0.51508,6.9188,51.195,0.64181,0.059502,0.65957,51.256
7.1171,0.94124,6.0118,51.294,0.64656,0.077503,0.76014,51.354
7.5301,1.0293,6.0179,51.393,0.34267,0.072528,0.79088,51.452
8.4389,0.99977,6.2517,51.492,0.56729,0.062015,0.69619,51.55
7.4632,2.3967,6.2263,51.592,0.29461,0.033392,0.64777,51.648
7.3033,0.96894,5.9328,51.691,0.76223,0.038753,0.4946,51.746
7.5985,2.5711,6.1474,51.79,0.088284,0.026383,0.38337,51.844
7.0614,1.8267,7.0728,51.889,0.03919,0.0082658,0.24361,51.942
6.9761,0.63603,7.1259,51.988,-0.3174,0.018142,0.14123,52.04
7.0768,-0.45535,6.8836,52.088,-0.022343,-0.0045105,0.10253,52.139
6.8685,1.1019,7.1494,52.187,0.12644,0.022661,0.10565,52.237
7.4961,-0.017963,6.1402,52.286,-0.083494,-0.032908,0.11,52.335
6.6336,-0.12439,7.4094,52.385,0.029738,-0.018725,-0.056198,52.433
6.7977,1.4265,6.6784,52.484,-0.36715,-0.0024576,-0.25532,52.531
6.7586,1.152,7.4192,52.584,-0.52463,0.033616,-0.31697,52.63
6.7984,0.66836,7.3244,52.683,-0.31126,-0.015037,-0.44576,52.728
7.528,0.36494,7.2629,52.782,-0.22427,0.011901,-0.51406,52.826
6.4686,0.93286,6.6493,52.881,-0.62059,-0.023721,-0.75952,52.925
8.0452,1.315,5.8316,52.981,-1.0806,-0.036607,-0.80026,53.023
7.8747,-2.2401,5.7744,53.08,-0.75043,0.0068209,-0.50801,53.121
8.58,0.19789,5.8427,53.179,-0.56491,-0.022025,-0.53325,53.22
6.9351,0.61372,6.0133,53.278,-0.53287,-0.02006,-0.49002,53.318
7.0575,-0.14759,5.875,53.377,-0.47399,-0.021715,-0.52208,53.417
7.9763,-0.51747,6.5372,53.477,-0.2917,-0.015882,-0.47235,53.515
7.0655,-1.3944,7.2431,53.576,-0.13391,-0.033251,-0.13536,53.614
7.1741,-1.0689,6.7858,53.675,0.057714,-0.032975,-0.13968,53.712
7.4231,1.7427,6.9453,53.774,-0.15888,0.0029839,-0.12753,53.811
6.7944,-0.32827,6.8538,53.874,-0.085522,0.0042806,0.008077,53.909
6.9545,-0.47302,7.2301,53.973,0.2454,0.018513,0.11434,54.008
7.1161,-1.8034,7.2111,54.072,0.53111,0.046997,0.3938,54.106
7.1566,-0.59846,6.6842,54.171,0.49992,0.080399,0.61098,54.204
7.2731,-0.45745,6.7424,54.27,0.37112,0.10461,0.69705,54.303
7.405,-0.57181,6.1832,54.37,0.76716,0.012641,0.76922,54.402
8.1628,0.30312,6.9256,54.469,0.78065,0.052238,0.74845,54.501
7.7558,0.57391,5.3508,54.568,0.74637,0.042216,0.53157,54.6
7.7251,2.0772,5.8163,54.667,0.69272,0.029016,0.76876,54.699
6.8896,1.4674,5.8693,54.766,0.14594,0.015123,0.54308,54.797
7.0333,1.1019,6.4442,54.866,-0.31539,0.021852,0.30024,54.896
7.1907,0.74695,6.3151,54.965,0.24091,-0.0026875,0.3212,54.995
7.1978,1.3744,6.7821,55.064,0.49431,0.020162,0.19684,55.094
7.0783,1.6723,6.8135,55.163,-0.3383,0.0061747,0.15029,55.193
6.8043,-0.53229,6.9131,55.262,0.27714,-0.023398,0.14806,55.292
7.1107,1.1031,7.6982,55.362,0.045297,-0.030533,0.15134,55.391
6.7804,0.34443,7.0707,55.461,-0.55543,-0.060734,-0.042589,55.49
6.8921,1.4223,6.899,55.56,-0.48853,0.015998,-0.19737,55.59
6.1775,1.3261,7.1931,55.659,-0.46877,0.059803,-0.32754,55.689
7.0517,0.81206,7.4738,55.759,-0.62287,0.0097348,-0.55781,55.788
7.1331,1.0498,6.8078,55.858,-0.28123,0.030998,-0.7161,55.887
7.5443,2.3398,6.3468,55.957,-0.54098,-0.014711,-0.9034,55.986
7.3648,0.3386,5.6611,56.056,-0.96882,-0.057662,-0.97578,56.086
7.8196,-1.4072,5.8843,56.155,-0.81066,-0.07859,-0.86126,56.185
7.5546,-0.68842,6.0085,56.255,-0.88136,-0.088372,-0.58074,56.284
7.3638,-0.25552,6.1374,56.354,-0.27348,-0.027397,-0.47153,56.384
7.365,-1.3265,6.3941,56.453,-0.46781,-0.030073,-0.32422,56.483
7.1388,-2.8791,6.4505,56.552,0.013744,0.0028869,-0.10956,56.583
6.8111,1.0535,6.999,56.652,-0.022969,-0.01671,-0.14942,56.682
7.0195,0.69575,6.7508,56.751,-0.13428,0.00037558,-0.03411,56.782
6.9617,0.29324,6.9923,56.85,0.16521,-0.012386,-0.04717,56.881
6.9926,-0.50625,6.8584,56.949,0.014138,0.022262,0.10765,56.981
6.8831,-1.3171,6.8899,57.048,0.16551,0.010818,0.29297,57.081
6.7243,-1.231,7.3029,57.148,0.32144,0.0081446,0.47103,57.18
6.9411,0.40581,7.1086,57.247,0.33712,0.057561,0.58586,57.28
7.5445,-0.65594,6.8821,57.346,0.62168,0.034579,0.77278,57.38
8.075,0.61372,6.2461,57.445,0.54382,0.02015,0.79139,57.48
7.5326,1.2433,6.6159,57.545,0.34463,0.024283,0.67935,57.579
7.767,1.3722,6.6812,57.644,0.4864,-0.007815,0.70006,57.678
7.7331,-1.0366,5.525,57.743,0.78824,0.05292,0.74544,57.778
7.1851,-0.053589,6.4859,57.842,0.68677,-0.0085647,0.60583,57.878
6.9695,1.6307,6.776,57.941,0.091486,-0.00060068,0.3842,57.978
6.9858,2.0691,6.579,58.041,-0.22815,-0.0054429,0.16199,58.078
7.0785,0.13577,6.9887,58.14,-0.0038108,0.0057829,0.14581,58.178
6.9339,-0.32512,6.6655,58.239,0.2788,-0.014402,0.13006,58.278
7.0581,-0.033381,7.2283,58.338,-0.1962,-0.034196,0.017918,58.378
6.7689,0.17319,7.1704,58.438,-0.0026514,0.010272,-0.17813,58.478
7.1159,1.0088,7.1978,58.537,-0.32033,-0.011804,-0.32557,58.578
6.441,1.5584,7.5046,58.636,-0.56983,0.079888,-0.43742,58.678
5.6949,1.2105,6.8507,58.735,-0.48828,0.029625,-0.65134,58.779
6.8956,0.81027,6.6242,58.834,-0.48858,-0.0068352,-0.74979,58.879
7.9176,2.1518,5.7025,58.934,-1.1718,-0.022686,-0.99484,58.979
7.3835,-0.82059,5.8608,59.033,-0.72423,-0.025207,-0.81432,59.079
8.3216,-0.90592,5.772,59.132,-0.47102,-0.019885,-0.61021,59.18
7.6819,-0.58034,6.2582,59.231,-0.58597,-0.013137,-0.57627,59.28
7.9585,-0.92882,6.0548,59.33,-0.47858,0.00053607,-0.41875,59.38
7.3198,-1.8308,6.1979,59.43,-0.35483,-0.023191,-0.33478,59.481
7.2111,-2.0449,6.9451,59.529,0.147,-0.018388,-0.099617,59.581
6.9502,1.0077,6.5933,59.628,0.12237,-0.0044374,-0.093097,59.682
7.0759,0.38275,6.507,59.727,0.09106,-0.0033647,-0.039117,59.782
6.7978,0.57001,7.3743,59.827,-0.090607,-0.0080594,-0.0047089,59.883
6.9373,-0.64321,7.0423,59.926,-0.016326,0.012077,0.1181,59.984
6.995,-1.4888,7.3109,60.025,0.30995,0.039513,0.30041,60.084
7.0171,-2.2097,6.4883,60.124,0.58532,0.04428,0.60983,60.185
8.1065,-0.65504,7.2071,60.223,0.34887,0.06447,0.71661,60.285
7.2044,-0.43829,5.4056,60.323,0.89884,0.091766,0.92086,60.386
7.7721,1.0583,5.8645,60.422,0.63607,0.043834,0.8919,60.487
8.6513,-0.093855,5.8157,60.521,1.1332,0.082039,1.0194,60.588
8.0387,2.0223,5.6416,60.62,0.90162,0.0233,0.78211,60.688
7.5069,3.2209,6.1229,60.72,0.47821,0.00959,0.50905,60.789
7.0304,1.2315,6.7312,60.819,0.57663,0.0045222,0.43243,60.89
7.4117,3.6648,6.8189,60.918,0.24434,-0.026079,0.12214,60.99
6.8495,0.68827,7.0295,61.017,-0.68753,-0.0068777,0.088517,61.091
6.9092,-0.87119,6.8013,61.116,0.3144,-0.027838,0.024826,61.192
7.0493,1.2638,6.4034,61.216,-0.24255,0.049562,-0.08846,61.293
6.3925,-0.39398,6.9312,61.315,-0.16525,0.0095791,-0.17943,61.394
6.7569,0.99303,6.7799,61.414,-0.37511,0.0070726,-0.20831,61.495
6.5932,1.1035,7.0321,61.513,-0.53174,0.017697,-0.37153,61.596
6.508,1.261,7.0744,61.612,-0.74727,0.037087,-0.53123,61.697
6.5227,0.70608,6.9017,61.712,-0.61506,0.061285,-0.59516,61.798
6.9605,1.4017,7.0964,61.811,-0.83855,0.037424,-0.78304,61.899
7.3834,-0.024549,6.0513,61.91,-0.35899,0.018072,-0.94181,61.996
7.7485,-1.0092,6.1818,62.009,-0.78609,-0.021213,-0.78447,62.094
7.4265,-2.4315,6.2324,62.108,-0.45167,-0.0082025,-0.49241,62.191
7.8383,-0.83601,6.1824,62.208,-0.34209,-0.037549,-0.40008,62.289
7.2108,0.19415,6.7261,62.307,-0.35402,0.012012,-0.42147,62.386
7.6971,-0.20702,6.6112,62.406,-0.60867,-0.011384,-0.2813,62.483
7.1937,-2.6396,6.4549,62.505,0.37924,0.0028194,-0.13213,62.581
6.5977,0.85682,7.2014,62.605,0.020579,4.4868e-05,-0.11671,62.678
7.0494,0.79709,6.8965,62.704,-0.13302,0.0036389,-0.048789,62.776
6.8535,0.13053,6.9194,62.803,0.10059,-0.0098809,-0.046337,62.874
6.6861,-0.021106,7.1301,62.902,0.11474,-0.00077588,0.080116,62.971
6.7234,-1.4059,7.3984,63.002,0.24503,0.039547,0.23837,63.069
7.108,-1.1517,6.792,63.101,0.508,0.027115,0.48611,63.166
7.2277,-1.299,6.3104,63.2,0.58085,0.083197,0.83279,63.264
7.18,-1.3186,6.0217,63.299,0.9772,0.080059,0.8261,63.362
7.9215,1.1662,5.5118,63.398,1.1474,0.10845,0.87851,63.459
7.7542,2.1747,6.0063,63.498,0.55129,0.066836,0.76606,63.557
7.6711,0.57106,5.8567,63.597,0.67643,0.044601,0.58281,63.655
7.5266,1.7213,6.3332,63.696,0.30705,0.036706,0.4835,63.752
7.2407,0.0094304,6.6347,63.795,0.08979,-0.0012387,0.44876,63.85
6.7297,-0.35312,6.8484,63.894,0.38762,-0.0052664,0.36263,63.948
6.6326,2.1217,6.662,63.994,-0.35591,-0.029938,0.099921,64.046
6.5248,0.016316,7.0906,64.093,0.20823,0.023434,0.049602,64.143
7.2198,1.8151,6.711,64.192,-0.049056,0.019638,-0.027367,64.241
7.0068,-0.56014,6.8325,64.291,0.0036304,-0.018667,-0.042391,64.338
7.0628,-0.34833,6.4411,64.391,0.33816,0.0058698,-0.023369,64.436
7.252,1.434,6.7951,64.49,-0.12017,0.015716,-0.041624,64.534
6.8423,-0.1678,7.0701,64.589,-0.026628,0.0083332,-0.016348,64.632
6.961,0.68977,6.8207,64.688,-0.027768,-0.058246,0.039176,64.73
7.1298,1.1852,5.8784,64.787,-0.57184,-0.022164,0.068125,64.828
6.665,-0.48634,7.9781,64.887,0.11501,-0.0018463,-0.074936,64.926
7.0942,2.5555,6.6665,64.986,-0.2707,-0.020748,-0.37175,65.024
7.1762,1.5442,6.6989,65.085,-0.51553,0.024068,-0.5244,65.122
7.6635,-0.62226,6.4721,65.184,-0.42325,0.002513,-0.51959,65.22
7.1443,-1.0933,6.6803,65.283,-0.60796,0.010569,-0.42775,65.318
7.137,-2.4841,6.5543,65.383,-0.052625,-0.006412,-0.16772,65.416
7.0979,-1.0264,6.527,65.482,-0.12516,0.0079247,-0.066765,65.515
7.0503,-0.35267,6.8722,65.581,0.042281,-0.00056739,-0.080535,65.613
6.9644,0.73617,6.7501,65.68,-0.1247,0.013692,-0.062361,65.711
7.0291,-1.2599,6.8867,65.779,0.024698,0.015323,-0.021309,65.81
7.0894,0.16151,6.7842,65.879,-0.033109,-0.0055376,-0.0014318,65.908
6.9283,-0.29578,6.9102,65.978,-0.053788,0.020362,-0.014065,66.006
6.9246,-0.18651,6.895,66.077,0.14106,0.015621,0.0040742,66.105
7.0119,0.49397,6.8527,66.176,-0.12552,0.010515,0.011664,66.203
6.9189,0.1187,7.0409,66.276,-0.14627,-0.0019598,0.038393,66.302
6.8658,-0.36524,6.9556,66.375,-0.011092,0.0052724,0.032601,66.4
6.9547,-0.13143,6.9545,66.474,0.0038838,7.4159e-05,0.038589,66.499
7.3054,0.15777,6.5492,66.573,0.031678,0.001554,0.022337,66.597
6.8915,0.18516,7.2484,66.672,-0.44006,-0.033132,0.079405,66.696
6.7058,0.51568,6.8084,66.772,-0.33069,-0.042558,0.0095641,66.795
6.7327,2.3699,6.9387,66.871,-0.36559,0.044399,-0.17623,66.893
7.2854,3.3945,7.5693,66.97,-0.71742,0.052743,-0.56705,66.992
7.6465,4.0133,6.7394,67.069,-0.85397,0.10407,-0.93788,67.091
8.6984,1.3944,6.0914,67.169,-1.2931,0.17211,-1.1122,67.19
8.7231,0.47691,4.5487,67.268,-0.97333,0.14619,-1.1697,67.289
8.4704,0.26914,4.9971,67.367,-1.2027,0.10897,-1.2205,67.388
9.4419,-1.0858,4.3163,67.466,-1.2817,0.097656,-1.1673,67.486
8.6159,-0.57136,5.1,67.565,-0.99898,0.11156,-1.1329,67.584
9.0526,-0.7191,5.2975,67.665,-0.73319,0.11231,-1.0641,67.684
8.0007,-1.6774,5.2107,67.764,-0.90193,-0.022474,-1.1188,67.782
8.1339,-3.6023,5.9223,67.863,-0.6591,-0.0076899,-0.87467,67.882
8.414,-2.2501,6.1625,67.962,-0.23348,0.02361,-0.51672,67.981
7.3225,-1.8521,7.1023,68.061,-0.33548,-0.033794,-0.44499,68.08
6.9878,-1.4729,6.677,68.161,-0.25694,-0.018019,-0.27428,68.179
6.6589,-1.3388,7.2427,68.26,0.013382,0.019554,-0.095587,68.278
7.0593,-1.948,6.7261,68.359,0.30576,0.013845,2.7793e-05,68.378
6.8254,1.6331,6.9262,68.458,-0.051659,5.594e-05,-0.017857,68.477
6.7388,0.80263,7.067,68.558,-0.047471,-0.00047084,0.029978,68.576
7.2464,0.048499,6.602,68.657,-0.018789,-0.01434,0.067231,68.676
6.2214,0.83901,7.0217,68.756,0.21645,0.017525,0.20645,68.775
7.3907,0.95352,6.8436,68.855,-0.015721,0.0056497,0.25165,68.875
6.9143,1.2421,7.2008,68.954,-0.32046,-0.021149,0.19643,68.974
6.5621,-0.35566,7.1675,69.054,-0.27443,-0.089368,0.072543,69.074
7.0975,1.7166,6.7324,69.153,-0.59501,-0.072623,-0.1824,69.174
7.2578,1.6723,6.8783,69.252,-0.69086,0.016085,-0.358,69.273
7.5328,0.15074,7.0671,69.351,-0.40422,0.046805,-0.38594,69.373
7.0689,-0.60235,6.8119,69.451,-0.32336,-0.0050014,-0.38919,69.473
7.7226,0.30507,6.3237,69.55,-0.50458,0.034916,-0.50325,69.573
7.5605,-2.6502,6.7079,69.649,-0.60522,-0.0023629,-0.3739,69.672
7.7208,-4.1346,5.6329,69.748,-0.20721,-0.0028567,-0.13451,69.772
7.0352,1.8337,6.3896,69.847,0.0017779,0.026235,-0.20547,69.872
7.2216,-1.0182,6.4935,69.947,-0.30841,0.0016739,-0.21916,69.972
6.9447,-0.68408,6.8225,70.046,0.17732,-0.017793,-0.27381,70.072
7.0411,0.22902,6.7909,70.145,-0.062178,0.016219,-0.22987,70.172
6.8825,-0.94873,6.9912,70.244,0.10408,-0.0079209,0.036708,70.272
6.5314,-1.9847,6.3809,70.343,0.22035,-0.083731,0.26756,70.372
6.9505,0.3133,6.8887,70.443,0.24052,0.1014,0.30565,70.473
7.6834,-0.42332,7.0295,70.542,0.74027,0.063731,0.4524,70.573
7.0571,0.19205,6.9764,70.641,0.49394,0.10065,0.6104,70.673
7.0701,-0.58723,6.0277,70.74,0.57435,0.085684,0.74706,70.773
7.3797,1.5918,6.5357,70.839,0.49678,0.066194,0.74839,70.872
7.994,1.3807,6.3414,70.939,0.58658,0.052412,0.73774,70.973
7.4135,3.7455,6.8554,71.038,0.65428,0.015441,0.43453,71.073
7.3574,2.9725,6.5962,71.137,0.31547,0.040525,0.40795,71.174
7.2653,0.74844,6.5433,71.236,0.31002,0.0064598,0.3647,71.274
7.0141,1.3935,6.295,71.336,0.16862,0.028321,0.31888,71.375
7.1526,0.8676,5.5329,71.435,-0.23782,0.033239,0.2806,71.475
7.0875,-0.87388,7.0924,71.534,0.10005,-0.028164,0.12066,71.576
7.1449,0.42826,6.9716,71.633,-0.13489,-0.055665,0.11825,71.677
6.9032,1.2815,7.1634,71.732,-0.010397,-0.02464,-0.014113,71.777
6.7367,1.3738,6.9417,71.832,-0.45885,-0.021452,-0.2403,71.878
6.7459,1.994,7.1411,71.931,-0.74482,0.014839,-0.39268,71.979
6.8453,0.91235,6.912,72.03,-0.36816,0.035117,-0.50929,72.079
7.2422,0.11017,6.6143,72.129,-0.54325,0.012866,-0.60652,72.18
7.3602,0.43634,6.0109,72.228,-0.58079,0.091839,-0.63679,72.281
8.1517,-0.95876,6.7282,72.328,-0.78098,0.023852,-0.77362,72.382
7.8501,-1.129,5.9167,72.427,-0.25855,0.008395,-0.67184,72.483
7.4144,-1.1926,5.616,72.526,-0.56333,-0.0087323,-0.63297,72.584
7.8405,-0.41494,6.295,72.625,-0.42472,-0.0079125,-0.52178,72.685
7.1256,-1.1947,6.4697,72.725,-0.37364,-0.01562,-0.34373,72.786
7.4683,-0.45071,6.3044,72.824,-0.23499,-0.013256,-0.22937,72.887
7.0409,-0.54487,6.9387,72.923,-0.28954,-0.021995,-0.16514,72.988
6.7583,0.49771,7.0949,73.022,0.06529,-0.0048902,-0.14056,73.089
7.0806,0.85038,6.7439,73.121,-0.16276,-0.020563,-0.12784,73.19
7.0809,0.41179,6.7209,73.221,-0.0051025,-0.013072,-0.076853,73.291
6.8234,-0.72854,6.7773,73.32,0.42215,0.019106,-0.017795,73.393
7.1454,-1.5301,7.1672,73.419,0.23491,0.049738,0.33363,73.494
7.1283,-1.2878,6.8433,73.518,0.42142,0.10786,0.62462,73.595
7.7664,-1.292,6.1845,73.617,0.76775,0.078092,0.77229,73.696
7.6775,0.69036,6.4848,73.717,0.90479,0.07862,0.81479,73.798
7.5808,1.4581,6.2964,73.816,0.66928,0.037797,0.78478,73.899
7.6021,1.0849,6.4877,73.915,0.61498,0.082002,0.76343,74
7.6379,1.1968,5.8992,74.014,0.49999,0.088402,0.60045,74.102
7.7397,0.84784,6.1579,74.113,0.60682,0.095782,0.52925,74.203
7.2988,1.6312,6.3902,74.213,0.24955,0.054105,0.43672,74.303
6.8626,3.3318,6.8454,74.312,0.50742,-0.0078716,0.18538,74.399
7.0806,0.53454,6.7552,74.411,-0.35922,0.004762,0.11113,74.496
7.1586,-0.24025,6.639,74.51,0.087116,-0.03117,0.11763,74.593
6.8679,1.3373,6.8081,74.609,-0.32321,0.029632,0.17035,74.69
6.8164,-0.90936,6.9423,74.709,-0.42509,0.01234,0.077982,74.787
6.9876,-0.34219,7.164,74.808,0.058303,-0.015889,-0.11212,74.885
8.2197,1.1951,6.9915,74.907,-0.32556,-0.0081755,-0.24923,74.982
6.6794,2.0483,7.4539,75.006,-0.22293,0.043666,-0.45851,75.079
7.2443,1.1303,6.4151,75.105,-0.51316,0.032274,-0.62148,75.176
7.9582,1.039,6.5085,75.205,-0.82706,-0.0030548,-0.76995,75.273
7.2117,-1.8148,7.0452,75.304,-0.3588,0.0076359,-0.73458,75.371
8.0796,0.71147,5.5208,75.403,-0.55371,-0.03974,-0.73893,75.468
8.6176,-0.41658,6.542,75.502,-0.59406,-0.028335,-0.69844,75.565
8.0119,-0.022004,6.0943,75.601,-0.69466,-0.038111,-0.56503,75.662
7.9081,0.33396,5.9614,75.701,-0.56572,-0.078459,-0.48862,75.76
7.4767,-1.0784,6.5267,75.8,-0.55105,-0.04484,-0.39468,75.857
8.0351,-2.8643,6.9215,75.899,-0.36332,-0.018517,-0.17565,75.954
6.9954,0.13741,6.1762,75.998,0.2129,-0.023445,-0.05213,76.052
7.0714,0.98106,6.5296,76.097,0.25554,-0.003714,-0.052955,76.149
6.9243,0.94394,6.8023,76.197,0.012561,-0.0094808,-0.023556,76.247
6.9797,0.27483,6.9267,76.296,0.22221,-0.010834,-0.02901,76.344
7.1669,0.31135,6.8499,76.395,0.10108,0.01899,0.082083,76.442
7.1623,-1.4635,7.0535,76.494,0.20763,0.055052,0.30778,76.539
6.6854,-1.5753,6.7757,76.593,0.41546,0.11608,0.61474,76.637
7.3825,0.70024,6.1896,76.693,0.62116,0.098851,0.75775,76.735
7.6,0.72659,6.3534,76.792,0.73419,0.075772,0.71272,76.832
8.3526,0.41419,6.9333,76.891,0.47153,0.054909,0.69064,76.93
7.6639,0.54008,6.3169,76.99,0.61088,0.053741,0.68553,77.028
7.7283,0.76072,6.2176,77.089,0.44823,0.078448,0.63689,77.125
7.7669,0.32078,6.2761,77.189,0.64641,0.035964,0.69337,77.223
7.3506,2.4452,6.4486,77.288,0.15332,0.060447,0.57736,77.321
7.1719,2.3042,6.5164,77.387,0.3997,0.018931,0.42533,77.419
6.8263,4.0838,6.5191,77.486,-0.34706,-0.010877,0.19005,77.517
6.845,0.065264,6.2779,77.586,-0.58533,-0.017514,0.13553,77.614
7.0417,-0.70578,6.9664,77.685,0.13543,-0.047457,0.14428,77.712
6.8201,0.89723,6.7161,77.784,-0.20144,-0.012371,0.04157,77.81
6.8188,0.85053,6.9848,77.883,-0.067394,0.0018102,-0.053568,77.908
6.9207,2.5971,7.0726,77.982,-0.16816,0.0058244,-0.27626,78.006
6.9104,1.828,6.8057,78.081,-0.59496,0.007811,-0.45616,78.104
7.1116,0.010329,6.6736,78.181,-0.65474,-0.011273,-0.63831,78.202
7.6235,0.38889,6.8764,78.28,-0.48043,0.019975,-0.62634,78.3
7.4561,0.72943,6.035,78.379,-0.74079,-0.0079514,-0.74571,78.399
7.6457,-0.97373,6.2908,78.478,-0.76402,-0.0033014,-0.67835,78.497
7.7141,-1.547,6.5278,78.578,-0.55869,-0.021903,-0.61162,78.595
7.2904,-1.0469,6.0531,78.677,-0.71399,-0.021259,-0.54045,78.694
7.8251,-0.032632,6.5742,78.776,-0.2921,-0.0066551,-0.41767,78.792
7.3139,0.20462,6.5314,78.875,-0.43879,-0.065566,-0.43223,78.891
6.887,-1.2785,5.9905,78.974,-0.45011,-0.014304,-0.23872,78.989
7.3237,-0.95591,6.5315,79.074,-0.0064767,-0.014266,-0.13574,79.088
6.9727,0.75219,6.6745,79.173,-0.1998,-0.02363,-0.16243,79.186
7.2301,0.51807,6.9008,79.272,-0.011994,-0.00042347,-0.097951,79.285
6.8459,0.42392,6.9295,79.371,0.10648,-0.011978,-0.052674,79.384
6.8679,-0.24773,6.8463,79.47,-0.025444,0.017357,0.12814,79.482
7.3319,-1.146,7.1654,79.57,0.25808,0.023887,0.22966,79.581
7.3392,-1.0126,7.4177,79.669,0.51775,0.075541,0.51809,79.68
7.4008,0.29788,6.79,79.768,0.36485,0.087396,0.57142,79.779
7.1538,-0.18307,6.2607,79.867,0.45542,0.021637,0.71346,79.878
6.8364,0.31225,6.0986,79.967,0.51017,0.041722,0.69819,79.977
7.3172,0.71746,5.8874,80.066,0.54864,0.064447,0.67937,80.076
6.9891,1.262,5.7115,80.165,0.53126,0.053978,0.63911,80.175
7.7838,1.3719,6.2979,80.264,0.59946,0.033994,0.48319,80.274
7.1137,1.2316,5.8645,80.363,0.29227,0.0023746,0.56386,80.373
7.1252,-0.069605,6.1904,80.463,0.39512,-0.0014091,0.58545,80.472
7.1346,2.9573,6.5336,80.562,0.35847,0.049951,0.33621,80.571
7.086,3.5627,6.9198,80.661,-0.26862,0.010566,0.056127,80.671
6.9352,-1.2044,6.8215,80.76,-0.066506,-0.016814,0.11102,80.77
6.9855,0.61941,6.7387,80.859,0.063925,0.022075,0.11862,80.869
7.1457,-0.20627,6.8158,80.959,-0.086209,-0.012792,0.089826,80.968
7.1292,1.7904,6.4517,81.058,-0.2967,-0.018693,0.094612,81.067
6.802,-0.80098,6.3597,81.157,0.082017,0.029448,0.11384,81.167
6.1907,0.2865,8.1052,81.256,-0.34545,0.03221,-0.069939,81.267
6.6185,1.1225,7.3,81.355,-0.31488,0.031971,-0.24053,81.366
7.0198,1.2884,6.5644,81.455,-0.44428,0.0146,-0.55393,81.466
7.6298,-0.17978,6.4303,81.554,-0.80741,0.0066164,-0.7224,81.566
7.9624,-0.92193,6.8158,81.653,-0.42118,0.02962,-0.70668,81.665
7.8387,0.46119,6.1947,81.752,-0.75714,0.013997,-0.67511,81.765
8.0068,0.37811,5.6903,81.851,-0.65819,0.015747,-0.63412,81.865
6.984,0.45745,6.7787,81.951,-0.50989,-0.012295,-0.58401,81.965
7.7494,-0.64411,6.3661,82.05,-0.20898,-0.017273,-0.54706,82.065
7.3973,0.25866,6.013,82.149,-0.29742,-0.026576,-0.49908,82.165
7.1002,-1.0971,6.1121,82.248,-0.47482,-0.011005,-0.36262,82.265
7.4811,-0.96594,6.589,82.348,-0.24222,-0.012153,-0.16476,82.365
7.0523,-0.39443,6.9336,82.447,-0.11794,0.010007,-0.074551,82.465
6.7572,0.18576,7.3602,82.546,-0.17731,0.0073007,-0.034189,82.566
6.8251,-0.43604,6.8614,82.645,0.089944,-0.009758,-0.068489,82.666
6.8149,1.2685,7.158,82.744,-0.089911,-0.0075865,-0.098989,82.766
6.6894,0.22393,7.09,82.844,-0.072257,-0.012084,-0.14047,82.866
7.2259,-0.23411,6.9508,82.943,0.32518,0.027396,0.14889,82.967
6.6731,-2.1061,7.1238,83.042,0.2492,0.060115,0.47815,83.067
7.5117,0.13921,6.6032,83.141,0.54778,0.074118,0.60354,83.168
7.4535,0.17813,6.4969,83.241,0.6094,0.037265,0.61238,83.268
7.7307,1.074,6.3711,83.34,0.49878,0.064711,0.63089,83.369
7.4478,-1.106,6.3164,83.439,0.89937,0.088524,0.68431,83.47
7.7663,0.28501,5.6422,83.538,0.48957,0.043983,0.72937,83.57
7.8392,0.95921,5.892,83.637,0.51156,0.089168,0.67389,83.671
7.5205,0.78033,6.5606,83.737,0.61132,0.016787,0.5747,83.772
7.5175,0.36374,6.7619,83.836,0.29187,0.028983,0.56625,83.872
7.1851,2.6444,6.486,83.935,-0.33354,0.00032692,0.19116,83.973
7.4852,2.9969,6.6811,84.034,-0.089986,-0.021254,0.12212,84.074
6.6393,-1.5425,7.3352,84.133,0.023111,0.0022714,0.060769,84.175
6.8306,0.41464,7.1499,84.233,0.25038,-0.036829,0.13429,84.276
7.0355,0.43365,6.7038,84.332,0.20717,-0.021124,0.14448,84.376
6.9182,0.47676,7.5162,84.431,-0.096253,-0.037841,0.018653,84.477
6.837,2.6088,6.774,84.53,-0.3073,0.010029,-0.26174,84.578
6.9149,2.4006,7.268,84.629,-0.75257,-0.089668,-0.63321,84.68
7.0836,0.95936,6.5896,84.729,-0.63916,0.046372,-0.76333,84.781
7.9103,0.53768,6.4263,84.828,-0.68252,-0.033354,-0.82718,84.882
7.7028,0.16541,5.5392,84.927,-1.0797,-0.098192,-0.89657,84.983
8.1089,-0.51732,5.7242,85.026,-0.8374,-0.02136,-0.81321,85.084
7.8703,-1.5005,5.6808,85.125,-0.68144,-0.014648,-0.71531,85.186
8.0345,-2.6892,6.2497,85.225,-0.60523,-0.0021608,-0.43719,85.287
7.5463,-1.2445,6.5513,85.324,-0.16999,-0.041404,-0.3605,85.389
7.5912,-2.2705,6.3963,85.423,-0.30238,3.8822e-05,-0.17908,85.49
7.1367,0.80952,6.815,85.522,0.019074,0.019221,-0.23062,85.592
7.1211,0.79979,6.8001,85.621,-0.078068,-0.0073992,-0.11987,85.693
6.9098,0.59995,7.0176,85.721,0.096715,-0.013306,-0.073245,85.795
6.8939,0.3133,6.9731,85.82,-0.09551,0.0016598,0.02179,85.896
6.9114,-0.6022,7.0887,85.919,0.1689,0.023756,0.14802,85.998
6.8935,-1.1607,6.7411,86.018,0.41503,0.049459,0.31971,86.099
6.9917,0.3871,7.1042,86.118,0.36994,0.060109,0.41056,86.201
7.1693,-0.58648,7.0177,86.217,0.47708,0.048443,0.51923,86.303
7.709,-0.36135,6.5894,86.316,0.58414,0.11161,0.74747,86.405
7.618,0.027992,5.973,86.415,0.67174,0.030068,0.79882,86.506
6.9827,0.6513,5.3286,86.514,0.71463,0.087488,0.75916,86.608
8.1606,1.2372,5.9569,86.614,0.4983,0.066483,0.78185,86.706
7.5052,2.8062,5.9025,86.713,0.40172,0.01611,0.5507,86.803
7.3538,3.4078,5.9429,86.812,-0.10439,0.039143,0.49538,86.899
7.1499,1.0058,6.8745,86.911,0.22948,0.0026593,0.37072,86.996
7.0906,1.7115,6.715,87.01,-0.10961,0.023474,0.28101,87.093
8.2477,2.3488,6.2336,87.11,-0.33308,-0.0058169,0.089883,87.19
6.4496,-0.51493,7.4235,87.209,0.23378,0.077463,0.23833,87.286
7.4532,-0.82853,6.0628,87.308,0.1386,-0.037092,0.099582,87.383
6.658,0.73752,7.4817,87.407,-0.068503,-0.011331,0.028433,87.48
6.7724,1.7264,6.8878,87.506,-0.16159,-0.018976,-0.20222,87.577
6.6061,1.6268,6.4098,87.606,-0.66629,-0.01967,-0.3814,87.674
6.5579,-0.038171,7.3645,87.705,-0.46898,0.05814,-0.42971,87.77
6.8025,-0.23441,6.8313,87.804,-0.50525,0.039044,-0.49398,87.867
6.4926,0.024998,7.0297,87.903,-0.32736,0.012813,-0.48686,87.964
7.5501,2.5525,6.9108,88.002,-0.56234,0.005252,-0.73399,88.061
7.1427,-0.42901,5.7172,88.102,-0.82205,0.0047864,-0.82384,88.158
8.6405,-2.0003,6.0997,88.201,-0.42436,-0.0038494,-0.71465,88.255
7.4364,-0.35476,6.0284,88.3,-0.46913,-0.035239,-0.48339,88.352
7.5205,-0.6974,6.5106,88.399,-0.069261,-0.013822,-0.40744,88.449
7.1303,0.33411,6.1991,88.499,-0.4482,-0.025619,-0.40164,88.546
7.2126,-0.51328,6.5267,88.598,-0.26773,-0.018795,-0.28828,88.643
7.0912,-0.69665,6.8171,88.697,-0.11484,-0.012677,-0.19015,88.741
7.4388,-0.60968,6.7408,88.796,0.24818,-0.02578,-0.098281,88.838
7.0316,1.7298,6.51,88.895,-0.21172,-0.052546,-0.16488,88.935
7.0773,1.0308,7.125,88.995,-0.30853,-0.0064345,-0.094093,89.032
6.6329,-0.0479,7.2559,89.094,0.085413,-0.0043045,-0.064755,89.13
6.8941,0.078886,6.9258,89.193,0.13557,0.0013511,0.062079,89.227
7.0611,-1.1583,7.2873,89.292,0.2024,0.028849,0.19593,89.325
6.8777,-1.0388,6.6245,89.391,0.44045,0.079386,0.45406,89.422
7.9697,-0.017663,7.1235,89.491,0.36686,0.053663,0.64383,89.52
7.6454,-0.36015,6.2491,89.59,0.80599,0.1181,0.66826,89.617
7.1791,2.0488,6.3711,89.689,0.39688,0.076533,0.72983,89.715
7.8287,-0.40012,6.4264,89.788,1.0329,0.049322,0.78913,89.813
7.3587,3.1539,6.5377,89.888,0.86793,0.05511,0.69368,89.91
7.9476,3.2581,5.7711,89.987,0.28634,0.01703,0.56085,90.008
7.1223,1.2201,6.6948,90.086,0.4966,0.023327,0.48382,90.106
6.7909,2.2932,6.3537,90.185,0.15631,0.02061,0.3176,90.204
7.1916,1.0101,6.1277,90.284,0.29731,0.022504,0.22461,90.302
7.1223,1.2936,6.4194,90.384,-0.16534,0.080489,0.18663,90.4
7.2825,-0.47436,6.4612,90.483,0.088459,0.00036548,0.10288,90.498
6.7668,0.54876,7.1631,90.582,0.17461,-0.043571,0.16899,90.596
6.9864,1.8106,7.3731,90.681,-0.1338,-0.015734,0.10677,90.694
7.0018,0.32722,6.662,90.78,-0.25668,0.001474,-0.025472,90.792
6.7917,1.2255,6.8995,90.88,-0.24629,-0.0061749,-0.12038,90.889
7.0903,1.6618,7.6528,90.979,-0.29416,0.029944,-0.24818,90.987
6.8878,2.2702,6.912,91.078,-0.23458,0.0090029,-0.43457,91.086
7.6636,2.112,6.4899,91.177,-0.58498,0.0087757,-0.71079,91.184
6.8664,-0.17529,6.7906,91.277,-0.74045,-0.01919,-0.80517,91.282
8.8719,-1.2912,6.3109,91.376,-0.89651,-0.046339,-0.64342,91.381
7.4341,-1.3234,6.0263,91.475,-0.79683,-0.060533,-0.68428,91.479
7.985,0.22259,6.2449,91.574,-0.49706,-0.020876,-0.58591,91.578
6.4923,0.63992,5.9483,91.673,-0.37182,-0.026034,-0.45752,91.676
7.2318,0.32108,6.7511,91.773,-0.52994,-0.024404,-0.47437,91.775
7.205,-0.91864,6.9245,91.872,-0.61729,-0.016305,-0.34501,91.874
7.8199,-2.1506,6.7656,91.971,-0.42434,-0.046508,-0.2049,91.972
6.8977,-0.85772,6.6896,92.07,0.16051,-0.019434,-0.098851,92.071
6.9659,0.94184,6.8156,92.169,-0.12344,-0.0075792,-0.10745,92.17
7.2023,-0.16915,6.721,92.269,0.059069,0.0021691,-0.12493,92.269
6.7936,0.22798,7.0349,92.368,0.30459,-0.024545,-0.062907,92.368
7.1937,-1.0284,6.7602,92.467,0.10409,0.019788,0.11509,92.467
6.8739,-1.2984,6.8818,92.566,0.59374,0.053158,0.35756,92.566
7.2627,-0.88616,6.7706,92.665,0.081473,0.065275,0.61926,92.665
8.101,-0.49906,5.9467,92.765,0.79426,0.13971,0.72409,92.764
7.8006,1.7698,6.7589,92.864,0.70889,0.075205,0.71042,92.863
7.5331,0.52646,5.9497,92.963,0.57411,0.037525,0.79305,92.963
7.6386,1.8494,6.46,93.062,0.78161,0.12551,0.69526,93.062
7.6422,1.3614,6.4493,93.162,0.53371,0.12251,0.71264,93.161
7.1991,1.6605,6.3372,93.261,0.53593,0.047094,0.54791,93.261
7.2325,3.1138,6.915,93.36,0.033426,0.00028089,0.31574,93.36
6.9297,0.2157,6.2522,93.459,0.3832,0.045405,0.28756,93.46
6.8312,2.3082,6.8803,93.558,-0.048635,0.024757,0.070927,93.56
6.9213,1.1234,6.9762,93.658,-0.12769,0.0087842,0.072581,93.659
7.052,0.01422,6.6167,93.757,0.11118,0.011337,0.039033,93.759
6.8381,0.45954,6.9755,93.856,-0.26172,-0.016721,0.072474,93.859
6.9894,0.4823,7.0667,93.955,-0.27328,-0.013201,-0.065143,93.959
7.1749,2.2114,6.6276,94.054,-0.1163,-0.017584,-0.2011,94.059
6.8147,2.1407,6.6938,94.154,-0.28839,0.0021721,-0.297,94.158
7.037,0.17558,6.8483,94.253,-0.36088,0.0048644,-0.40032,94.259
7.2283,-0.4064,6.6734,94.352,-0.32394,-0.026813,-0.35089,94.358
7.2509,0.96834,6.7613,94.451,-0.45532,-0.020634,-0.39676,94.457
7.1015,-0.39039,6.931,94.55,-0.30689,-0.001996,-0.28258,94.558
7.265,0.040117,6.3041,94.65,-0.2074,-0.001353,-0.36029,94.658
7.3942,-0.91385,6.5423,94.749,-0.40468,0.01492,-0.14946,94.758
6.898,-2.5576,7.2556,94.848,-0.070256,0.021928,-0.012015,94.859
7.1813,0.44727,6.3083,94.947,0.1559,0.055576,-0.057596,94.959
6.755,0.63633,7.25,95.046,-0.22403,0.027056,0.0066549,95.059
7.0863,-0.38919,6.6974,95.146,0.038288,-4.1298e-05,0.0024845,95.16
6.5787,0.47781,7.0162,95.245,0.22108,0.026297,0.045107,95.26
7.5561,0.31659,6.5294,95.344,0.19379,0.013909,0.03264,95.361
6.6779,0.61492,6.9565,95.443,-0.56023,0.021706,-0.033005,95.462
6.967,0.1681,6.8342,95.542,-0.46077,0.04693,-0.042144,95.562
6.817,-0.70518,7.1872,95.642,-0.243,-0.0049623,-0.084426,95.663
6.9994,-0.20567,6.768,95.741,0.15018,0.0097985,-0.025768,95.764
6.9547,-0.45281,6.8637,95.84,0.13265,-0.01308,-0.064215,95.865
6.8471,0.2401,7.0024,95.939,0.21483,-0.016513,0.01582,95.966
6.6846,1.1429,6.1821,96.039,0.00098122,0.0078684,0.15295,96.067
6.8409,0.52675,7.3083,96.138,-0.50154,0.0023113,0.11185,96.168
6.4531,0.59516,7.4183,96.237,-0.28644,-0.052008,0.095168,96.269
7.056,1.893,7.4397,96.336,-0.40695,-0.02139,-0.121,96.37
7.4174,1.4649,6.7635,96.435,-0.99201,0.031997,-0.36648,96.471
7.1544,0.66073,7.841,96.535,-0.95409,0.08396,-0.6333,96.572
7.5822,0.53214,6.5216,96.634,-0.85136,0.14109,-0.71481,96.674
7.8756,0.33815,5.9404,96.733,-0.80256,0.19853,-0.88863,96.775
8.2814,-0.63214,5.4768,96.832,-1.0345,0.19016,-0.9402,96.876
8.4189,-1.4448,5.6169,96.932,-0.91085,0.18216,-0.94107,96.978
7.7795,-0.37647,4.5053,97.031,-0.80328,0.23526,-0.94798,97.079
8.7542,-1.2381,5.6255,97.13,-0.92265,0.13049,-1.0872,97.181
8.1387,-1.6708,5.5578,97.229,-0.94955,0.13208,-1.0946,97.282
8.2279,-2.4836,4.6275,97.328,-0.57985,0.16366,-0.92121,97.384
7.8887,-2.6233,5.7659,97.428,-0.71373,0.027308,-0.80735,97.485
7.4105,-4.3538,6.0148,97.527,-0.35836,0.046973,-0.58625,97.587
7.2851,-1.9672,5.5211,97.626,0.30935,0.0080887,-0.29189,97.689
6.7879,-0.87343,7.1925,97.725,0.15656,0.0013588,-0.27748,97.789
7.1858,0.32408,6.2742,97.824,-0.5419,0.033337,-0.2286,97.891
6.701,0.31749,6.632,97.924,0.12444,0.02452,-0.17243,97.993
7.1622,-2.0876,7.3981,98.023,-0.10616,0.0059879,-0.11209,98.095
6.9941,0.91969,6.5194,98.122,0.47983,0.016585,-0.049377,98.197
6.7604,0.85727,6.9312,98.221,-0.076215,-0.010714,-0.047238,98.299
6.6999,1.0716,6.9544,98.321,-0.061573,-0.0030285,-0.025351,98.401
7.0804,0.65474,6.632,98.42,-0.049332,-0.0015041,0.029745,98.503
6.6092,0.94259,7.1601,98.519,-0.15598,0.0092871,0.022436,98.605
6.9268,0.73258,7.1461,98.618,-0.33818,-0.048002,0.057788,98.707
6.9929,0.792,6.5197,98.717,-0.25946,-0.010195,0.022463,98.809
6.6682,2.1356,7.1316,98.817,0.080498,-0.0064351,-0.13542,98.911
7.4355,2.1853,6.7203,98.916,-0.48079,-0.014924,-0.38595,99.012
6.7391,0.17918,6.3618,99.015,-0.39762,-0.0016367,-0.32931,99.108
7.0735,0.27543,7.0497,99.114,-0.48409,-0.0031812,-0.34096,99.205
7.1653,-1.146,6.7734,99.213,-0.13742,-0.035925,-0.33067,99.301
7.4066,-1.7346,6.8908,99.313,-0.47535,-0.037822,-0.15622,99.398
6.5894,-2.1896,6.9491,99.412,-0.047954,-0.014727,-0.0034671,99.494
6.977,0.53589,6.8045,99.511,-0.035867,-0.012709,-0.042845,99.59
6.8349,-0.54217,6.8011,99.61,-0.10766,0.0015444,-0.095517,99.687
6.7523,-0.18457,7.0074,99.709,0.070403,0.046445,-0.098368,99.783
6.463,0.042512,7.2315,99.809,0.081599,0.019824,-0.075574,99.88
6.8051,-0.38635,7.261,99.908,-0.19322,0.062377,-0.065315,99.976
7.2053,-1.7178,7.0548,100.01,0.019712,0.015582,0.064371,100.07
6.9505,-1.1531,6.3191,100.11,0.21832,0.0015998,0.087632,100.17
7.3826,-0.24205,6.8254,100.2,0.3704,0.0090594,0.23328,100.27
7.2086,0.060474,6.4881,100.31,0.25005,0.029931,0.26032,100.36
7.4578,0.31001,6.4514,100.4,0.28376,0.017791,0.29651,100.46
7.2424,1.239,7.1228,100.5,0.078128,0.028831,0.25417,100.56
7.3882,-0.34668,6.3995,100.6,0.46586,0.068832,0.28448,100.65
7.817,1.5491,7.81,100.7,0.43214,0.046651,0.40785,100.75
7.456,0.52451,6.3294,100.8,0.29664,0.055841,0.42749,100.85
6.8969,0.92942,6.818,100.9,0.32378,0.027983,0.43625,100.94
6.9671,-0.21016,6.3731,101,0.52865,0.013486,0.45738,101.04
6.9141,1.7445,6.9764,101.1,0.19454,0.044478,0.61858,101.14
7.6724,2.9493,7.3226,101.2,0.80939,0.031591,0.30315,101.23
7.1231,3.3728,6.7676,101.3,-0.23773,-0.014922,0.2432,101.33
6.8885,-0.65998,7.052,101.4,-0.00083808,-0.022978,0.23199,101.43
6.6164,0.73318,7.1818,101.49,0.2086,-0.036341,0.14959,101.52
7.0939,0.77269,6.8688,101.6,-0.090335,-0.031461,0.096198,101.62
6.4249,0.82913,6.8632,101.69,-0.14207,-0.033797,-0.060658,101.72
7.2204,0.37003,7.0611,101.79,-0.22278,-0.029751,-0.20977,101.82
6.6465,0.70099,7.4229,101.89,-0.28619,0.024096,-0.30547,101.91
7.3472,0.97223,6.7119,101.99,-0.35301,0.025261,-0.46009,102.01
7.7311,-0.060175,7.6792,102.09,-0.26467,0.071661,-0.48906,102.11
6.9653,0.78048,6.5278,102.19,-0.48966,0.012322,-0.65917,102.21
7.8373,0.41703,7.7626,102.29,-0.62733,0.0053904,-0.6317,102.3
6.9057,-0.7474,6.3236,102.39,-0.51128,-0.013834,-0.68281,102.4
7.7708,-0.47915,6.1812,102.49,-0.55297,-0.030008,-0.6353,102.5
7.2301,-1.3027,7.0451,102.59,-0.31579,-0.03356,-0.52249,102.6
7.7175,-0.41045,6.0609,102.69,-0.43609,-0.031429,-0.34937,102.69
7.5404,-0.41748,7.1654,102.78,-0.35582,-0.030224,-0.19354,102.79
6.9758,-0.17858,6.6219,102.88,-0.18187,-0.00074766,-0.17726,102.89
6.8227,0.65234,7.1056,102.98,0.0070279,0.023512,-0.13333,102.99
7.0137,0.90816,6.9062,103.08,-0.036769,-0.047565,-0.11846,103.09
6.8764,-0.24818,6.7147,103.18,0.19935,-0.023557,-0.011892,103.18
7.0559,-0.48694,7.2951,103.28,0.10828,0.0035492,0.13043,103.28
6.7968,-1.1206,6.8484,103.38,0.174,0.024683,0.34434,103.38
6.8469,0.0044907,7.2222,103.48,0.3206,0.056609,0.56877,103.48
7.2704,0.40072,6.9659,103.58,0.31721,0.058647,0.52835,103.58
6.9002,0.38485,6.5302,103.68,0.35717,0.02966,0.57641,103.67
7.7763,-0.25672,7.2422,103.78,0.44511,0.023891,0.61292,103.77
6.3387,1.5659,6.5775,103.88,0.49858,0.03129,0.58769,103.87
7.9196,-0.0083826,6.1101,103.98,0.66648,0.02519,0.5798,103.97
7.7085,1.001,6.6183,104.08,0.43596,0.040484,0.6294,104.07
7.5955,-0.032033,6.0087,104.17,0.47169,-0.00040617,0.51551,104.17
8.1477,2.1724,8.2347,104.27,0.6781,0.016964,0.53442,104.27
7.0631,2.8396,6.8158,104.37,-0.14515,-0.039409,0.29654,104.36
7.0614,0.6733,6.6396,104.47,-0.2946,0.0060126,0.049918,104.46
7.0165,-1.1569,7.2376,104.57,0.031209,-0.005545,0.086517,104.56
6.7661,0.19085,6.6251,104.67,0.0034509,0.0023155,0.11689,104.66
6.8188,-0.70174,6.4707,104.77,-0.035091,0.0026509,0.11732,104.76
6.9539,0.36464,6.8499,104.87,0.10393,-0.01408,-0.056214,104.86
6.1088,1.0923,7.6837,104.97,-0.1187,0.035606,-0.13988,104.96
6.3272,1.6418,6.8568,105.07,-0.33305,0.0486,-0.4376,105.06
7.2349,1.0065,6.5983,105.17,-0.57055,0.051753,-0.57485,105.16
7.2114,-1.5023,6.8849,105.26,-0.55326,0.036896,-0.58639,105.25
7.5775,0.10688,6.8689,105.37,-0.34954,0.02208,-0.66533,105.35
8.1871,0.39233,6.5139,105.46,-0.56051,-0.015405,-0.62762,105.45
7.1388,0.31195,6.097,105.56,-0.57091,0.010895,-0.61379,105.55
7.4499,-0.37168,6.3582,105.66,-0.60212,0.0064986,-0.57047,105.65
7.8813,-1.2282,7.0602,105.76,-0.33228,-0.0049358,-0.49023,105.75
7.791,-0.57121,7.0258,105.86,-0.10216,-0.020339,-0.42189,105.85
7.0077,0.43455,6.6806,105.96,-0.37196,-0.013347,-0.2874,105.95
7.1782,-2.1771,6.4035,106.06,-0.078774,-0.00055082,-0.10289,106.05
6.9417,0.39997,6.9345,106.16,-0.038386,0.014696,-0.084018,106.15
6.933,0.41808,7.1027,106.26,-0.30019,-0.021826,-0.069209,106.25
6.7882,0.33695,6.9188,106.36,-0.079344,-0.0023532,-0.023589,106.35
6.8884,-0.47122,7.0279,106.46,0.17963,-0.013912,0.016884,106.45
6.8372,-0.63483,7.2666,106.56,0.24718,0.013787,0.17768,106.55
7.8389,-1.7279,6.5489,106.65,0.23345,0.05706,0.4833,106.65
7.2695,-0.939,7.1505,106.75,0.49144,0.0913,0.6466,106.75
7.3909,-0.54996,6.0702,106.85,0.41554,0.066595,0.66235,106.85
7.1892,0.79425,6.0958,106.95,0.39941,0.0191,0.65067,106.95
7.1638,-0.16376,6.2944,107.05,0.43898,0.021018,0.57204,107.05
7.4885,-0.11526,6.4513,107.15,0.715,0.015813,0.62367,107.15
7.6278,0.42182,6.1953,107.25,0.46188,0.01976,0.54216,107.25
7.4817,0.78871,6.0414,107.35,0.43825,-0.046671,0.66283,107.35
7.2924,1.4455,6.6046,107.45,0.1926,0.0072835,0.52621,107.45
6.8652,1.032,6.9001,107.55,0.15276,-0.00011975,0.11649,107.55
6.9381,1.7268,6.6746,107.65,0.10453,0.013448,0.15715,107.66
6.5429,0.51463,7.6974,107.75,-0.3227,-0.024168,0.11281,107.76
7.1807,-0.68019,6.6502,107.85,0.14218,-0.020735,0.014469,107.86
6.5694,0.33216,7.2276,107.94,-0.25126,0.017619,-0.008268,107.96
6.3034,0.39937,7.3768,108.04,-0.15384,0.023618,-0.17769,108.06
6.6921,-0.014969,7.1578,108.14,-0.26966,0.040047,-0.24826,108.16
7.7736,-0.14205,7.1149,108.24,-0.21312,0.029555,-0.48005,108.26
7.6256,0.44517,6.7915,108.34,-0.45794,0.013194,-0.62651,108.36
7.2602,-1.1062,5.8641,108.44,-0.41312,0.017746,-0.49646,108.46
6.7592,-0.74395,6.5489,108.54,-0.54274,0.033902,-0.52058,108.56
7.678,0.032782,6.6255,108.64,-0.57023,0.03461,-0.49968,108.67
7.7712,0.2654,6.1805,108.74,-0.41052,0.018439,-0.61229,108.77
7.5358,-0.54053,6.5365,108.84,-0.32232,0.026184,-0.5213,108.87
7.8299,-0.34788,6.25,108.94,-0.17708,0.003402,-0.52549,108.97
7.2792,0.23172,6.3999,109.03,-0.25494,-0.044475,-0.52707,109.07
6.9608,-0.63618,6.5508,109.13,-0.40292,-0.024556,-0.3523,109.17
7.5499,-1.0209,6.8566,109.23,-0.026116,-0.020944,-0.1734,109.27
7.2377,0.19594,7.0602,109.33,0.16508,0.0018403,-0.045196,109.38
6.8367,1.4104,7.4298,109.43,-0.40101,-0.047529,-0.067347,109.48
6.8569,0.25986,6.8078,109.53,0.043628,0.0016533,-0.1048,109.58
6.8418,-0.39982,7.117,109.63,0.045316,-0.041072,-0.19952,109.68
6.9102,1.3888,6.9547,109.73,0.047178,0.013499,0.06753,109.78
6.7303,-1.3188,6.3154,109.83,0.004223,0.074278,0.23399,109.89
6.7541,0.18995,7.1045,109.93,0.19135,0.07294,0.42094,109.99
6.9728,0.68692,6.8053,110.03,0.41203,0.053936,0.42277,110.09
6.7995,1.0255,6.6546,110.13,0.32996,0.077181,0.41613,110.19
7.5921,0.025297,6.9218,110.23,0.31905,0.0080868,0.55743,110.29
7.3599,0.22543,6.3393,110.33,0.63311,0.062276,0.5705,110.4
7.7548,0.60474,6.1318,110.42,0.56065,0.075505,0.58827,110.5
7.0524,0.073797,6.4321,110.52,0.43217,0.034183,0.5727,110.6
7.8145,0.0079335,6.1545,110.62,0.32816,-0.00706,0.74315,110.7
7.3479,0.7935,6.1937,110.72,0.58843,0.030386,0.68941,110.8
7.6016,3.2608,6.4552,110.82,0.10318,0.022993,0.47025,110.91
6.8123,1.206,6.5062,110.92,0.23527,0.0031786,0.23362,111.01
7.0514,1.7142,6.8722,111.02,-0.39021,-0.045076,0.11557,111.11
6.7721,-0.54008,6.8472,111.12,-0.017002,-0.0089101,0.099367,111.21
6.8459,-0.22019,7.1186,111.22,-0.012794,-0.019391,0.12886,111.32
6.9812,-0.27573,7.1951,111.32,-0.28738,-0.042138,0.047898,111.41
6.6899,-0.72988,6.9312,111.42,-0.0056508,-0.00268,0.00071288,111.51
6.5067,1.0156,7.6533,111.52,-0.071039,0.023351,-0.14225,111.61
7.2731,2.366,6.6329,111.62,-0.17501,0.043251,-0.40823,111.7
6.9506,0.95711,6.3601,111.71,-0.57196,0.044823,-0.60173,111.8
7.6033,-0.66671,7.0454,111.81,-0.63851,0.0012918,-0.6655,111.89
7.3695,0.5531,6.468,111.91,-0.57157,-0.0040557,-0.71252,111.99
7.1282,-0.022753,6.5071,112.01,-0.69699,-0.024276,-0.62473,112.09
8.4357,-0.027692,6.6842,112.11,-0.57021,-0.0046864,-0.65684,112.18
7.2478,0.49891,6.295,112.21,-0.48057,-0.0066294,-0.54519,112.28
7.4228,0.49427,6.7866,112.31,-0.57512,-0.016451,-0.58004,112.38
7.124,-0.17469,6.8999,112.41,-0.67516,-0.027544,-0.41832,112.47
7.4329,-1.0285,6.5598,112.51,-0.58458,-0.037893,-0.32906,112.57
7.1237,-2.1229,6.5743,112.61,-0.15459,0.006239,-0.13397,112.66
7.1277,0.83871,6.7644,112.71,-0.092558,0.013997,-0.02394,112.76
7.069,-0.23187,6.9051,112.81,-0.2485,-0.023131,-0.14395,112.86
6.8143,0.15867,7.3035,112.9,0.099663,0.010298,-0.050371,112.95
7.0933,-0.2892,6.8533,113,0.12915,0.0097873,0.071896,113.05
6.8126,-1.1077,7.2734,113.1,0.06705,0.020905,0.27229,113.15
7.2038,-1.367,6.2353,113.2,0.57952,0.032803,0.3907,113.24
7.0611,0.79604,7.6082,113.3,0.26301,0.01653,0.48719,113.34
7.0256,-0.2425,6.6903,113.4,0.61889,0.041783,0.61365,113.44
6.8676,-0.055535,6.1359,113.5,0.82206,0.018322,0.61537,113.53
7.4021,-0.22992,6.5851,113.6,0.42231,0.059565,0.72736,113.63
7.5424,0.63977,5.8003,113.7,0.72634,0.080367,0.65293,113.73
7.732,1.3328,6.5089,113.8,0.55065,0.038186,0.57862,113.82
7.4463,0.59441,6.7242,113.9,0.61282,0.032775,0.65849,113.92
7.1637,2.5649,6.8535,114,0.33917,0.029135,0.55868,114.02
6.9506,3.1254,6.7261,114.1,0.093107,-0.0077135,0.25665,114.11
6.9863,0.42212,6.8634,114.19,-0.10221,-0.0036763,0.16312,114.21
7.4511,0.86819,7.4683,114.29,0.034086,-0.025838,0.1115,114.31
6.8628,0.015568,7.1578,114.39,-0.10254,-0.013266,0.068746,114.41
7.1301,0.18023,6.4863,114.49,-0.12176,0.010702,0.02314,114.5
6.6523,0.59576,7.255,114.59,-0.27548,-0.010681,-0.15254,114.6
6.9351,1.0825,7.0384,114.69,-0.35327,0.0075993,-0.25881,114.7
6.8387,0.081281,7.1665,114.79,-0.53866,0.020583,-0.42307,114.79
7.6723,-1.277,6.6008,114.89,-0.11953,0.016327,-0.41351,114.89
6.9589,1.6211,6.0055,114.99,-0.52594,0.039689,-0.60087,114.99
7.7063,-1.2959,7.0352,115.09,-0.54039,0.020823,-0.62254,115.09
7.0978,-0.94094,6.4257,115.19,-0.59245,0.010042,-0.55238,115.18
7.2,-0.094454,5.9347,115.28,-0.54656,-0.025334,-0.58446,115.28
7.2234,0.68797,6.4895,115.38,-0.45999,-0.021984,-0.68342,115.38
7.74,-0.29519,6.3104,115.48,-0.6961,-0.023935,-0.62932,115.48
7.3087,-2.0241,6.3916,115.58,-0.34569,0.036349,-0.39066,115.58
7.4644,-1.4674,6.521,115.68,-0.39471,-0.0040027,-0.21841,115.67
7.1999,-1.1617,6.6914,115.78,0.24754,-0.0031896,-0.12649,115.77
6.9737,1.37,6.6767,115.88,-0.29665,-0.011481,-0.11081,115.87
7.1092,-0.8902,6.723,115.98,-0.18382,-0.020068,-0.11335,115.97
7.3374,-0.66387,7.3147,116.08,0.3822,0.0079316,-0.11546,116.07
6.5811,0.059726,7.1933,116.18,0.060088,0.027205,0.023558,116.16
7.122,-1.4029,7.2816,116.28,-0.080441,0.015392,0.24437,116.26
7.0185,-2.0555,6.88,116.38,0.51659,0.058719,0.39892,116.36
7.8302,-0.10403,6.6384,116.48,0.50161,0.013641,0.64445,116.46
7.1298,-0.11017,6.1176,116.58,0.6942,0.051638,0.76698,116.56
7.797,1.6653,6.3199,116.67,0.76986,0.083295,0.63687,116.66
7.1538,-0.28426,6.0554,116.77,0.48218,0.023865,0.66822,116.76
7.0924,0.26854,5.4668,116.87,0.56269,0.060499,0.68245,116.85
7.5644,0.40221,6.2179,116.97,0.43662,0.02978,0.69141,116.95
7.402,1.0379,6.4589,117.07,0.53368,0.029873,0.61129,117.05
7.6506,1.5937,6.7376,117.17,0.34641,0.020571,0.41495,117.15
6.9261,1.9352,6.8584,117.27,0.29092,0.037446,0.25131,117.25
7.0188,1.455,6.8855,117.37,0.27587,0.0070666,0.12061,117.35
6.9818,1.12,6.6805,117.47,-0.20306,-0.010532,0.15353,117.45
6.8707,0.32482,7.1804,117.57,-0.29155,0.0031563,0.093243,117.55
6.8468,-0.034279,7.0643,117.67,-0.19033,-0.025262,0.0020779,117.65
6.6373,0.75443,7.3936,117.77,-0.25171,-0.01158,-0.084939,117.75
6.4736,1.4431,7.3541,117.87,-0.47454,-0.0034009,-0.30063,117.85
6.8318,1.3598,6.546,117.96,-0.50193,0.036964,-0.53275,117.94
6.9941,0.41239,6.6249,118.06,-0.45426,-0.010093,-0.73136,118.04
7.2873,0.25462,7.1644,118.16,-0.75298,0.00040699,-0.72297,118.14
7.7901,-0.56972,6.041,118.26,-0.53056,0.013197,-0.70773,118.24
8.2758,-0.11481,6.0465,118.36,-0.47715,-0.029198,-0.64832,118.34
7.8916,0.12274,5.9489,118.46,-0.79507,-0.050031,-0.61126,118.44
7.8051,0.24863,6.4437,118.56,-0.53622,-0.026706,-0.69774,118.54
7.2604,-0.87718,6.3242,118.66,-0.59777,0.0065461,-0.46975,118.64
7.3114,-2.0861,6.4595,118.76,-0.33139,-0.04436,-0.26573,118.74
6.9512,-0.11406,6.958,118.86,-0.31909,-0.0094658,-0.23923,118.84
7.3228,-1.098,6.6424,118.96,-0.25541,-0.011584,-0.12862,118.94
6.948,0.057331,6.7481,119.06,0.37264,-0.010746,-0.14446,119.04
7.1523,0.73587,7.0863,119.15,-0.17141,0.0026045,-0.14085,119.14
7.1825,1.4262,6.8472,119.25,-0.13522,0.00042745,-0.019794,119.24
6.2179,-1.2066,7.8838,119.35,-0.14307,-0.0052607,-0.00033203,119.34
7.0978,-0.87029,7.1979,119.45,0.56345,0.02656,0.1524,119.45
7.1717,-0.84305,6.8168,119.55,0.29569,0.011889,0.29941,119.55
6.9923,-1.635,6.5607,119.65,0.23557,0.016533,0.54408,119.65
7.094,-0.22543,5.6102,119.75,0.72851,0.035225,0.78151,119.75
7.9494,0.48724,5.9274,119.85,0.5768,0.051413,0.75159,119.85
7.8872,0.9863,6.4261,119.95,0.53001,0.026024,0.68513,119.95
6.9753,1.5883,5.3843,120.05,0.5155,0.02852,0.57341,120.05
7.3397,1.0246,6.6215,120.15,0.5459,0.0015481,0.50028,120.15
7.4738,-0.011526,6.4507,120.25,0.25749,0.013571,0.58776,120.25
7.0557,1.0602,5.9696,120.35,0.28046,0.030622,0.43902,120.35
7.3904,0.52511,6.8053,120.44,0.50164,0.017079,0.4083,120.45
7.0361,1.8674,6.1019,120.54,0.41291,0.011988,0.33058,120.56
7.0171,1.7012,6.806,120.64,0.10394,0.011688,0.10435,120.66
7.0934,-0.79365,7.28,120.74,0.19031,-0.0090671,0.082592,120.76
7.0485,-0.12604,7.6051,120.84,0.26918,-0.066023,0.072197,120.86
6.6737,1.3237,6.9209,120.94,-0.30698,-0.067106,0.080178,120.96
7.196,0.0082329,6.8105,121.04,-0.2188,0.0088902,-0.033818,121.06
6.5149,1.2785,7.0057,121.14,-0.36965,0.017047,-0.29504,121.16
6.1926,1.0188,6.3857,121.24,-0.454,0.05693,-0.36693,121.27
6.9093,-0.9848,7.2662,121.34,-0.53519,0.078322,-0.37515,121.37
6.9535,0.83871,6.5409,121.44,-0.272,-0.0090738,-0.64145,121.47
7.075,-0.29234,6.4184,121.54,-0.84435,-0.012786,-0.57814,121.57
7.1563,-0.27528,6.53,121.63,-0.53329,-0.037222,-0.66956,121.67
6.8504,1.5246,6.1522,121.73,-0.62738,-0.04109,-0.5714,121.77
7.983,-0.027992,6.0301,121.83,-0.62084,0.034586,-0.63274,121.88
7.6329,-0.016765,6.6945,121.93,-0.56314,-0.00033177,-0.61132,121.98
7.5102,-0.63992,6.8002,122.03,-0.42745,-0.0026285,-0.48221,122.08
7.5078,-0.3347,6.3966,122.13,-0.14242,0.010196,-0.3702,122.18
7.1991,0.5534,6.7528,122.23,-0.4059,-0.063697,-0.43039,122.29
7.4229,-2.9191,7.1208,122.33,-0.58975,0.018949,-0.20182,122.39
7.512,-1.5538,6.0854,122.43,0.21758,0.0057053,-0.05756,122.49
6.7884,0.89349,7.0168,122.53,0.018988,0.013438,-0.022474,122.59
6.8487,-0.4088,6.7546,122.63,-0.16315,0.012827,-0.039551,122.74
6.7077,-0.41015,7.144,122.73,0.1744,0.020906,0.022924,122.73
6.8965,-0.49771,7.2295,122.83,0.21025,-0.012027,0.11237,123.03
6.7031,-1.4921,6.8718,122.92,-0.099166,0.078104,0.22529,122.82
7.572,-1.0905,7.1312,123.02,0.51147,-0.030299,0.46446,123.37
7.1226,0.58259,6.3408,123.12,0.46785,0.02151,0.64413,122.87
7.576,0.46029,6.358,123.22,0.48223,-0.013127,0.55375,123.74
7.4822,0.11766,6.3553,123.32,0.33254,-0.00024579,0.57334,122.91
7.5109,0.32857,6.1211,123.42,0.75143,0.027523,0.53407,124.1
7.0975,0.69291,5.3792,123.52,0.25167,0.02081,0.66274,122.93
